Workbook

Sheet Объем
A1: Дата | B1: Премии (за квартал) | C1: Выплаты (за квартал) | D1: Темп прироста премий, г/г (правая шкала) | E1: Темп прироста выплат г/г (правая шкала)
A2: I кв. 2020 | B2: 426272.4 | C2: 159473.6 | D2: 12.593123 | E2: 14.551099
A3: II кв. 2020 | B3: 312775.21 | C3: 137211.86 | D3: -13.275329 | E3: -6.2618583
A4: III кв. 2020 | B4: 396828.98 | C4: 167988.02 | D4: 9.5945734 | E4: 13.546372
A5: IV кв. 2020 | B5: 405055.32 | C5: 194574.78 | D5: 6.9165729 | E5: 10.511271
A6: I кв. 2021 | B6: 459799.28 | C6: 185252.35 | D6: =(B6-B2)/B2 * 100 -> 7.8651304 | E6: =(C6-C2)/C2*100 -> 16.164904
A7: II кв. 2021 | B7: 434384.19 | C7: 199237.79 | D7: =(B7-B3)/B3 * 100 -> 38.880634 | E7: =(C7-C3)/C3*100 -> 45.204496
A8: III кв. 2021 | B8: 461943.85 | C8: 203008.65 | D8: =(B8-B4)/B4 * 100 -> 16.408801 | E8: =(C8-C4)/C4*100 -> 20.847104
A9: IV кв. 2021 | B9: 448133.96 | C9: 209475.05 | D9: =(B9-B5)/B5 * 100 -> 10.635249 | E9: =(C9-C5)/C5*100 -> 7.6578612
A10: I кв. 2022 | B10: 452281.34 | C10: 201348.37 | D10: =(B10-B6)/B6 * 100 -> -1.6350478 | E10: =(C10-C6)/C6*100 -> 8.6886976
A11: II кв. 2022 | B11: 409975.84 | C11: 221333.1 | D11: =(B11-B7)/B7 * 100 -> -5.6190696 | E11: =(C11-C7)/C7*100 -> 11.089915
A12: III кв. 2022 | B12: 465677.53 | C12: 224211.44 | D12: =(B12-B8)/B8 * 100 -> 0.80825341 | E12: =(C12-C8)/C8*100 -> 10.444275
A13: IV кв. 2022 | B13: 488812.93 | C13: 246325.88 | D13: =(B13-B9)/B9 * 100 -> 9.0774126 | E13: =(C13-C9)/C9*100 -> 17.591988
A14: I кв. 2023 | B14: 548353.86 | C14: 245352.89 | D14: =(B14-B10)/B10 * 100 -> 21.241761 | E14: =(C14-C10)/C10*100 -> 21.854917
A15: II кв. 2023 | B15: 524769.7 | C15: 249232.73 | D15: =(B15-B11)/B11 * 100 -> 28.000151 | E15: =(C15-C11)/C11*100 -> 12.60527
A16: III кв. 2023 | B16: 573613.19 | C16: 264282.47 | D16: =(B16-B12)/B12 * 100 -> 23.178199 | E16: =(C16-C12)/C12*100 -> 17.871987
A17: IV кв. 2023 | B17: 638321.6 | C17: 285514.76 | D17: =(B17-B13)/B13 * 100 -> 30.586072 | E17: =(C17-C13)/C13*100 -> 15.909363
... A25: IV кв. 2025 | B25: 1214234 | C25: 781008.02 | D25: =(B25-B21)/B21 * 100 -> -7.4914952 | E25: =(C25-C21)/C21*100 -> -30.459779

Sheet Рентабельность
A1: Год | B1: ROE | C1: ROA
A2: 2019 | B2: 33 | C2: 8
A3: 2020 | B3: 29 | C3: 7
A4: 2021 | B4: 26 | C4: 6
A5: 2022 | B5: 20 | C5: 5
A6: 2023 | B6: 25 | C6: 7
A7: 2024 | B7: 31 | C7: 8
A8: 2025 | B8: 27 | C8: 8

Sheet Структура страховых премий
A1: Год | B1: Страховые брокеры | C1: Организации, торгующие ТС | D1: Юридические лица | E1: Физические лица и ИП | F1: Кредитные организации | G1: Без участия посредников | H1: Прочие посредники
A2: 2024 | B2: 3 | C2: 2 | D2: 4 | E2: 12.4 | F2: 54.3 | G2: 18.3 | H2: 6
A3: 2025 | B3: 3 | C3: 2 | D3: 4 | E3: 13 | F3: 52 | G3: 20 | H3: 6

Sheet Страхования (Кол-во премий)
A1: Год | B1: Страхование жизни | C1: Страхование от НС и болезней | D1: ДМС | E1: Автострахование (КАСКО) | F1: Имущество юрлиц | G1: Имущество граждан (ФЛ) | H1: ОСАГО | I1: Прочие виды
A2: 2017 | B2: =Лист5!F205 -> 4537172 | C2: =Лист5!F212 -> 59595204 | D2: =Лист5!F213 -> 11086927 | E2: =Лист5!F214 -> 3932793 | F2: =Лист5!F215 -> 423567 | G2: =Лист5!F216 -> 38296978 | H2: =Лист5!F217 -> 38164033 | I2: =Лист5!F218 -> 37075344
A3: 2018 | B3: =Лист5!J205 -> 6003845 | C3: =Лист5!J212 -> 57633509 | D3: =Лист5!J213 -> 12317853 | E3: =Лист5!J214 -> 4731289 | F3: =Лист5!J215 -> 729707 | G3: =Лист5!J216 -> 45662023 | H3: =Лист5!J217 -> 39704379 | I3: =Лист5!J218 -> 35773717
A4: 2019 | B4: =Лист5!N205 -> 5212447 | C4: =Лист5!N212 -> 55158256 | D4: =Лист5!N213 -> 17033842 | E4: =Лист5!N214 -> 4934083 | F4: =Лист5!N215 -> 440595 | G4: =Лист5!N216 -> 48790230 | H4: =Лист5!N217 -> 39691288 | I4: =Лист5!N218 -> 36849018
A5: 2020 | B5: =Лист5!R205 -> 5382538 | C5: =Лист5!R212 -> 39886810 | D5: =Лист5!R213 -> 10730002 | E5: =Лист5!R214 -> 5244630 | F5: =Лист5!R215 -> 409601 | G5: =Лист5!R216 -> 43219929 | H5: =Лист5!R217 -> 39659499 | I5: =Лист5!R218 -> 30571781
A6: 2021 | B6: =Лист5!V205 -> 6339933 | C6: =Лист5!V212 -> 64681020 | D6: =Лист5!V213 -> 12620220 | E6: =Лист5!V214 -> 5426989 | F6: =Лист5!V215 -> 548029 | G6: =Лист5!V216 -> 55334418 | H6: =Лист5!V217 -> 39923837 | I6: =Лист5!V218 -> 57365344
A7: 2022 | B7: =Лист5!Z205 -> 5167387 | C7: =Лист5!Z212 -> 59741237 | D7: =Лист5!Z213 -> 13014840 | E7: =Лист5!Z214 -> 6049534 | F7: =Лист5!Z215 -> 904109 | G7: =Лист5!Z216 -> 50976424 | H7: =Лист5!Z217 -> 40131233 | I7: =Лист5!Z218 -> 65326529
A8: 2023 | B8: =Лист5!AD205 -> 5220701 | C8: =Лист5!AD212 -> 87328998 | D8: =Лист5!AD213 -> 13860106 | E8: =Лист5!AD214 -> 8892968 | F8: =Лист5!AD215 -> 1048191 | G8: =Лист5!AD216 -> 61511189 | H8: =Лист5!AD217 -> 41315586 | I8: =Лист5!AD218 -> 81731244
A9: 2024 | B9: =Лист5!AH205 -> 4636721 | C9: =Лист5!AH212 -> 78698713 | D9: =Лист5!AH213 -> 15448136 | E9: =Лист5!AH214 -> 10578448 | F9: =Лист5!AH215 -> 1550643 | G9: =Лист5!AH216 -> 62552963 | H9: =Лист5!AH217 -> 44506337 | I9: =Лист5!AH218 -> 80597141
A10: 2025 | B10: =Лист5!AL205 -> 3968805 | C10: =Лист5!AL212 -> 103918576 | D10: =Лист5!AL213 -> 14688695 | E10: =Лист5!AL214 -> 10689599 | F10: =Лист5!AL215 -> 1801528 | G10: =Лист5!AL216 -> 94105982 | H10: =Лист5!AL217 -> 54435536 | I10: =Лист5!AL218 -> 111870261

Sheet Страхования (Сумма премий)
A1: Год | B1: Страхование жизни | C1: Страхование от НС и болезней | D1: ДМС | E1: Автострахование (КАСКО) | F1: Имущество юрлиц | G1: Имущество граждан (ФЛ) | H1: ОСАГО | I1: Прочие виды
A2: 2017 | B2: {=INDIRECT("Лист5!F"&188+(COLUMN()-COLUMN($A$1)))} -> 331536.83 | C2: {=INDIRECT("Лист5!F"&194+(COLUMN()-COLUMN($A$1)))} -> 121249.28 | D2: {=INDIRECT("Лист5!F"&194+(COLUMN()-COLUMN($A$1)))} -> 140007.95 | E2: {=INDIRECT("Лист5!F"&194+(COLUMN()-COLUMN($A$1)))} -> 162495.76 | F2: {=INDIRECT("Лист5!F"&194+(COLUMN()-COLUMN($A$1)))} -> 95988.475 | G2: {=INDIRECT("Лист5!F"&194+(COLUMN()-COLUMN($A$1)))} -> 57406.518 | H2: {=INDIRECT("Лист5!F"&194+(COLUMN()-COLUMN($A$1)))} -> 222075.98 | I2: {=INDIRECT("Лист5!F"&194+(COLUMN()-COLUMN($A$1)))} -> 148080.8
A3: 2018 | B3: {=INDIRECT("Лист5!J"&188+(COLUMN()-COLUMN($A$1)))} -> 452399.85 | C3: {=INDIRECT("Лист5!J"&194+(COLUMN()-COLUMN($A$1)))} -> 169520.92 | D3: {=INDIRECT("Лист5!J"&194+(COLUMN()-COLUMN($A$1)))} -> 151842.79 | E3: {=INDIRECT("Лист5!J"&194+(COLUMN()-COLUMN($A$1)))} -> 168691.76 | F3: {=INDIRECT("Лист5!J"&194+(COLUMN()-COLUMN($A$1)))} -> 88523.652 | G3: {=INDIRECT("Лист5!J"&194+(COLUMN()-COLUMN($A$1)))} -> 64810.514 | H3: {=INDIRECT("Лист5!J"&194+(COLUMN()-COLUMN($A$1)))} -> 225965.14 | I3: {=INDIRECT("Лист5!J"&194+(COLUMN()-COLUMN($A$1)))} -> 157746.5
A4: 2019 | B4: {=INDIRECT("Лист5!N"&188+(COLUMN()-COLUMN($A$1)))} -> 409374.11 | C4: {=INDIRECT("Лист5!N"&194+(COLUMN()-COLUMN($A$1)))} -> 187366.46 | D4: {=INDIRECT("Лист5!N"&194+(COLUMN()-COLUMN($A$1)))} -> 180654.79 | E4: {=INDIRECT("Лист5!N"&194+(COLUMN()-COLUMN($A$1)))} -> 170546.91 | F4: {=INDIRECT("Лист5!N"&194+(COLUMN()-COLUMN($A$1)))} -> 103322.3 | G4: {=INDIRECT("Лист5!N"&194+(COLUMN()-COLUMN($A$1)))} -> 71900.593 | H4: {=INDIRECT("Лист5!N"&194+(COLUMN()-COLUMN($A$1)))} -> 214948.98 | I4: {=INDIRECT("Лист5!N"&194+(COLUMN()-COLUMN($A$1)))} -> 143063.46
A5: 2020 | B5: {=INDIRECT("Лист5!R"&188+(COLUMN()-COLUMN($A$1)))} -> 430517.25 | C5: {=INDIRECT("Лист5!R"&194+(COLUMN()-COLUMN($A$1)))} -> 202309.86 | D5: {=INDIRECT("Лист5!R"&194+(COLUMN()-COLUMN($A$1)))} -> 176964.71 | E5: {=INDIRECT("Лист5!R"&194+(COLUMN()-COLUMN($A$1)))} -> 175422.87 | F5: {=INDIRECT("Лист5!R"&194+(COLUMN()-COLUMN($A$1)))} -> 113142.52 | G5: {=INDIRECT("Лист5!R"&194+(COLUMN()-COLUMN($A$1)))} -> 71650.464 | H5: {=INDIRECT("Лист5!R"&194+(COLUMN()-COLUMN($A$1)))} -> 220021.18 | I5: {=INDIRECT("Лист5!R"&194+(COLUMN()-COLUMN($A$1)))} -> 148671.88
A6: 2021 | B6: {=INDIRECT("Лист5!V"&188+(COLUMN()-COLUMN($A$1)))} -> 524402.37 | C6: {=INDIRECT("Лист5!V"&194+(COLUMN()-COLUMN($A$1)))} -> 261893.42 | D6: {=INDIRECT("Лист5!V"&194+(COLUMN()-COLUMN($A$1)))} -> 199927.19 | E6: {=INDIRECT("Лист5!V"&194+(COLUMN()-COLUMN($A$1)))} -> 207076.23 | F6: {=INDIRECT("Лист5!V"&194+(COLUMN()-COLUMN($A$1)))} -> 120193.47 | G6: {=INDIRECT("Лист5!V"&194+(COLUMN()-COLUMN($A$1)))} -> 81776.524 | H6: {=INDIRECT("Лист5!V"&194+(COLUMN()-COLUMN($A$1)))} -> 225548.35 | I6: {=INDIRECT("Лист5!V"&194+(COLUMN()-COLUMN($A$1)))} -> 187471.73
A7: 2022 | B7: {=INDIRECT("Лист5!Z"&188+(COLUMN()-COLUMN($A$1)))} -> 511299.22 | C7: {=INDIRECT("Лист5!Z"&194+(COLUMN()-COLUMN($A$1)))} -> 207182.37 | D7: {=INDIRECT("Лист5!Z"&194+(COLUMN()-COLUMN($A$1)))} -> 213702.21 | E7: {=INDIRECT("Лист5!Z"&194+(COLUMN()-COLUMN($A$1)))} -> 222845.42 | F7: {=INDIRECT("Лист5!Z"&194+(COLUMN()-COLUMN($A$1)))} -> 128641.8 | G7: {=INDIRECT("Лист5!Z"&194+(COLUMN()-COLUMN($A$1)))} -> 84251.618 | H7: {=INDIRECT("Лист5!Z"&194+(COLUMN()-COLUMN($A$1)))} -> 273103.36 | I7: {=INDIRECT("Лист5!Z"&194+(COLUMN()-COLUMN($A$1)))} -> 175721.64
A8: 2023 | B8: {=INDIRECT("Лист5!AD"&188+(COLUMN()-COLUMN($A$1)))} -> 775060.93 | C8: {=INDIRECT("Лист5!AD"&194+(COLUMN()-COLUMN($A$1)))} -> 200056.12 | D8: {=INDIRECT("Лист5!AD"&194+(COLUMN()-COLUMN($A$1)))} -> 253498.47 | E8: {=INDIRECT("Лист5!AD"&194+(COLUMN()-COLUMN($A$1)))} -> 270638.65 | F8: {=INDIRECT("Лист5!AD"&194+(COLUMN()-COLUMN($A$1)))} -> 133944.21 | G8: {=INDIRECT("Лист5!AD"&194+(COLUMN()-COLUMN($A$1)))} -> 117359.77 | H8: {=INDIRECT("Лист5!AD"&194+(COLUMN()-COLUMN($A$1)))} -> 324416.06 | I8: {=INDIRECT("Лист5!AD"&194+(COLUMN()-COLUMN($A$1)))} -> 210084.14
A9: 2024 | B9: {=INDIRECT("Лист5!AH"&188+(COLUMN()-COLUMN($A$1)))} -> 2033132.8 | C9: {=INDIRECT("Лист5!AH"&194+(COLUMN()-COLUMN($A$1)))} -> 168044.5 | D9: {=INDIRECT("Лист5!AH"&194+(COLUMN()-COLUMN($A$1)))} -> 328295.88 | E9: {=INDIRECT("Лист5!AH"&194+(COLUMN()-COLUMN($A$1)))} -> 323157.78 | F9: {=INDIRECT("Лист5!AH"&194+(COLUMN()-COLUMN($A$1)))} -> 150858.4 | G9: {=INDIRECT("Лист5!AH"&194+(COLUMN()-COLUMN($A$1)))} -> 126247.93 | H9: {=INDIRECT("Лист5!AH"&194+(COLUMN()-COLUMN($A$1)))} -> 331940.74 | I9: {=INDIRECT("Лист5!AH"&194+(COLUMN()-COLUMN($A$1)))} -> 258358.63
A10: 2025 | B10: {=INDIRECT("Лист5!AL"&188+(COLUMN()-COLUMN($A$1)))} -> 2253618.3 | C10: {=INDIRECT("Лист5!AL"&194+(COLUMN()-COLUMN($A$1)))} -> 157469.06 | D10: {=INDIRECT("Лист5!AL"&194+(COLUMN()-COLUMN($A$1)))} -> 323650.71 | E10: {=INDIRECT("Лист5!AL"&194+(COLUMN()-COLUMN($A$1)))} -> 338831.25 | F10: {=INDIRECT("Лист5!AL"&194+(COLUMN()-COLUMN($A$1)))} -> 170294.38 | G10: {=INDIRECT("Лист5!AL"&194+(COLUMN()-COLUMN($A$1)))} -> 136924.8 | H10: {=INDIRECT("Лист5!AL"&194+(COLUMN()-COLUMN($A$1)))} -> 330281.69 | I10: {=INDIRECT("Лист5!AL"&194+(COLUMN()-COLUMN($A$1)))} -> 265543.68

Sheet Страхования (Кол-во выплат)
A1: Год | B1: Страхование жизни | C1: Страхование от НС и болезней | D1: ДМС | E1: Автострахование (КАСКО) | F1: Имущество юрлиц | G1: Имущество граждан (ФЛ) | H1: ОСАГО | I1: Прочие виды
A2: 2017 | B2: {=INDIRECT("Лист5!F"&221+(COLUMN()-COLUMN($A$1)))} -> 654304 | C2: {=INDIRECT("Лист5!F"&227+(COLUMN()-COLUMN($A$1)))} -> 385891 | D2: {=INDIRECT("Лист5!F"&227+(COLUMN()-COLUMN($A$1)))} -> 13739975 | E2: {=INDIRECT("Лист5!F"&227+(COLUMN()-COLUMN($A$1)))} -> 976432 | F2: {=INDIRECT("Лист5!F"&227+(COLUMN()-COLUMN($A$1)))} -> 19502 | G2: {=INDIRECT("Лист5!F"&227+(COLUMN()-COLUMN($A$1)))} -> 209692 | H2: {=INDIRECT("Лист5!F"&227+(COLUMN()-COLUMN($A$1)))} -> 2949025 | I2: {=INDIRECT("Лист5!F"&227+(COLUMN()-COLUMN($A$1)))} -> 243844
A3: 2018 | B3: {=INDIRECT("Лист5!J"&221+(COLUMN()-COLUMN($A$1)))} -> 765007 | C3: {=INDIRECT("Лист5!J"&227+(COLUMN()-COLUMN($A$1)))} -> 452048 | D3: {=INDIRECT("Лист5!J"&227+(COLUMN()-COLUMN($A$1)))} -> 33934278 | E3: {=INDIRECT("Лист5!J"&227+(COLUMN()-COLUMN($A$1)))} -> 907291 | F3: {=INDIRECT("Лист5!J"&227+(COLUMN()-COLUMN($A$1)))} -> 18078 | G3: {=INDIRECT("Лист5!J"&227+(COLUMN()-COLUMN($A$1)))} -> 210930 | H3: {=INDIRECT("Лист5!J"&227+(COLUMN()-COLUMN($A$1)))} -> 2369375 | I3: {=INDIRECT("Лист5!J"&227+(COLUMN()-COLUMN($A$1)))} -> 237815
A4: 2019 | B4: {=INDIRECT("Лист5!N"&221+(COLUMN()-COLUMN($A$1)))} -> 847936 | C4: {=INDIRECT("Лист5!N"&227+(COLUMN()-COLUMN($A$1)))} -> 335214 | D4: {=INDIRECT("Лист5!N"&227+(COLUMN()-COLUMN($A$1)))} -> 39245088 | E4: {=INDIRECT("Лист5!N"&227+(COLUMN()-COLUMN($A$1)))} -> 945442 | F4: {=INDIRECT("Лист5!N"&227+(COLUMN()-COLUMN($A$1)))} -> 13684 | G4: {=INDIRECT("Лист5!N"&227+(COLUMN()-COLUMN($A$1)))} -> 173300 | H4: {=INDIRECT("Лист5!N"&227+(COLUMN()-COLUMN($A$1)))} -> 2293388 | I4: {=INDIRECT("Лист5!N"&227+(COLUMN()-COLUMN($A$1)))} -> 290080
A5: 2020 | B5: {=INDIRECT("Лист5!R"&221+(COLUMN()-COLUMN($A$1)))} -> 1112356 | C5: {=INDIRECT("Лист5!R"&227+(COLUMN()-COLUMN($A$1)))} -> 301180 | D5: {=INDIRECT("Лист5!R"&227+(COLUMN()-COLUMN($A$1)))} -> 43091647 | E5: {=INDIRECT("Лист5!R"&227+(COLUMN()-COLUMN($A$1)))} -> 897968 | F5: {=INDIRECT("Лист5!R"&227+(COLUMN()-COLUMN($A$1)))} -> 13895 | G5: {=INDIRECT("Лист5!R"&227+(COLUMN()-COLUMN($A$1)))} -> 187638 | H5: {=INDIRECT("Лист5!R"&227+(COLUMN()-COLUMN($A$1)))} -> 2070686 | I5: {=INDIRECT("Лист5!R"&227+(COLUMN()-COLUMN($A$1)))} -> 304726
A6: 2021 | B6: {=INDIRECT("Лист5!V"&221+(COLUMN()-COLUMN($A$1)))} -> 1865884 | C6: {=INDIRECT("Лист5!V"&227+(COLUMN()-COLUMN($A$1)))} -> 344284 | D6: {=INDIRECT("Лист5!V"&227+(COLUMN()-COLUMN($A$1)))} -> 47084420 | E6: {=INDIRECT("Лист5!V"&227+(COLUMN()-COLUMN($A$1)))} -> 948016 | F6: {=INDIRECT("Лист5!V"&227+(COLUMN()-COLUMN($A$1)))} -> 15276 | G6: {=INDIRECT("Лист5!V"&227+(COLUMN()-COLUMN($A$1)))} -> 188432 | H6: {=INDIRECT("Лист5!V"&227+(COLUMN()-COLUMN($A$1)))} -> 2151231 | I6: {=INDIRECT("Лист5!V"&227+(COLUMN()-COLUMN($A$1)))} -> 468303
A7: 2022 | B7: {=INDIRECT("Лист5!Z"&221+(COLUMN()-COLUMN($A$1)))} -> 1754912 | C7: {=INDIRECT("Лист5!Z"&227+(COLUMN()-COLUMN($A$1)))} -> 380461 | D7: {=INDIRECT("Лист5!Z"&227+(COLUMN()-COLUMN($A$1)))} -> 48063573 | E7: {=INDIRECT("Лист5!Z"&227+(COLUMN()-COLUMN($A$1)))} -> 947827 | F7: {=INDIRECT("Лист5!Z"&227+(COLUMN()-COLUMN($A$1)))} -> 16432 | G7: {=INDIRECT("Лист5!Z"&227+(COLUMN()-COLUMN($A$1)))} -> 236925 | H7: {=INDIRECT("Лист5!Z"&227+(COLUMN()-COLUMN($A$1)))} -> 2283943 | I7: {=INDIRECT("Лист5!Z"&227+(COLUMN()-COLUMN($A$1)))} -> 342954
A8: 2023 | B8: {=INDIRECT("Лист5!AD"&221+(COLUMN()-COLUMN($A$1)))} -> 1827921 | C8: {=INDIRECT("Лист5!AD"&227+(COLUMN()-COLUMN($A$1)))} -> 372927 | D8: {=INDIRECT("Лист5!AD"&227+(COLUMN()-COLUMN($A$1)))} -> 46332690 | E8: {=INDIRECT("Лист5!AD"&227+(COLUMN()-COLUMN($A$1)))} -> 810872 | F8: {=INDIRECT("Лист5!AD"&227+(COLUMN()-COLUMN($A$1)))} -> 16275 | G8: {=INDIRECT("Лист5!AD"&227+(COLUMN()-COLUMN($A$1)))} -> 201779 | H8: {=INDIRECT("Лист5!AD"&227+(COLUMN()-COLUMN($A$1)))} -> 2047108 | I8: {=INDIRECT("Лист5!AD"&227+(COLUMN()-COLUMN($A$1)))} -> 384360
A9: 2024 | B9: {=INDIRECT("Лист5!AH"&221+(COLUMN()-COLUMN($A$1)))} -> 3298677 | C9: {=INDIRECT("Лист5!AH"&227+(COLUMN()-COLUMN($A$1)))} -> 392890 | D9: {=INDIRECT("Лист5!AH"&227+(COLUMN()-COLUMN($A$1)))} -> 48246700 | E9: {=INDIRECT("Лист5!AH"&227+(COLUMN()-COLUMN($A$1)))} -> 872847 | F9: {=INDIRECT("Лист5!AH"&227+(COLUMN()-COLUMN($A$1)))} -> 22585 | G9: {=INDIRECT("Лист5!AH"&227+(COLUMN()-COLUMN($A$1)))} -> 274675 | H9: {=INDIRECT("Лист5!AH"&227+(COLUMN()-COLUMN($A$1)))} -> 2216610 | I9: {=INDIRECT("Лист5!AH"&227+(COLUMN()-COLUMN($A$1)))} -> 472941
A10: 2025 | B10: {=INDIRECT("Лист5!AL"&221+(COLUMN()-COLUMN($A$1)))} -> 2506373 | C10: {=INDIRECT("Лист5!AL"&227+(COLUMN()-COLUMN($A$1)))} -> 411499 | D10: {=INDIRECT("Лист5!AL"&227+(COLUMN()-COLUMN($A$1)))} -> 59669726 | E10: {=INDIRECT("Лист5!AL"&227+(COLUMN()-COLUMN($A$1)))} -> 1041468 | F10: {=INDIRECT("Лист5!AL"&227+(COLUMN()-COLUMN($A$1)))} -> 23145 | G10: {=INDIRECT("Лист5!AL"&227+(COLUMN()-COLUMN($A$1)))} -> 228783 | H10: {=INDIRECT("Лист5!AL"&227+(COLUMN()-COLUMN($A$1)))} -> 2086076 | I10: {=INDIRECT("Лист5!AL"&227+(COLUMN()-COLUMN($A$1)))} -> 684711

Sheet Страхования (Сумма выплат)
A1: Год | B1: Страхование жизни | C1: Страхование от НС и болезней | D1: ДМС | E1: Автострахование (КАСКО) | F1: Имущество юрлиц | G1: Имущество граждан (ФЛ) | H1: ОСАГО | I1: Прочие виды
A2: 2017 | B2: {=INDIRECT("Лист5!F"&238+(COLUMN()-COLUMN($A$1)))} -> 36486.836 | C2: {=INDIRECT("Лист5!F"&244+(COLUMN()-COLUMN($A$1)))} -> 14367.296 | D2: {=INDIRECT("Лист5!F"&244+(COLUMN()-COLUMN($A$1)))} -> 105811.24 | E2: {=INDIRECT("Лист5!F"&244+(COLUMN()-COLUMN($A$1)))} -> 83343.915 | F2: {=INDIRECT("Лист5!F"&244+(COLUMN()-COLUMN($A$1)))} -> 36598.289 | G2: {=INDIRECT("Лист5!F"&244+(COLUMN()-COLUMN($A$1)))} -> 8233.497 | H2: {=INDIRECT("Лист5!F"&244+(COLUMN()-COLUMN($A$1)))} -> 175516.25 | I2: {=INDIRECT("Лист5!F"&244+(COLUMN()-COLUMN($A$1)))} -> 49364.804
A3: 2018 | B3: {=INDIRECT("Лист5!J"&238+(COLUMN()-COLUMN($A$1)))} -> 67070.482 | C3: {=INDIRECT("Лист5!J"&244+(COLUMN()-COLUMN($A$1)))} -> 16403.953 | D3: {=INDIRECT("Лист5!J"&244+(COLUMN()-COLUMN($A$1)))} -> 111930.61 | E3: {=INDIRECT("Лист5!J"&244+(COLUMN()-COLUMN($A$1)))} -> 83254.171 | F3: {=INDIRECT("Лист5!J"&244+(COLUMN()-COLUMN($A$1)))} -> 49322.248 | G3: {=INDIRECT("Лист5!J"&244+(COLUMN()-COLUMN($A$1)))} -> 8964.4475 | H3: {=INDIRECT("Лист5!J"&244+(COLUMN()-COLUMN($A$1)))} -> 137901.72 | I3: {=INDIRECT("Лист5!J"&244+(COLUMN()-COLUMN($A$1)))} -> 47620.372
A4: 2019 | B4: {=INDIRECT("Лист5!N"&238+(COLUMN()-COLUMN($A$1)))} -> 133402.66 | C4: {=INDIRECT("Лист5!N"&244+(COLUMN()-COLUMN($A$1)))} -> 17289.315 | D4: {=INDIRECT("Лист5!N"&244+(COLUMN()-COLUMN($A$1)))} -> 126495.46 | E4: {=INDIRECT("Лист5!N"&244+(COLUMN()-COLUMN($A$1)))} -> 97207.977 | F4: {=INDIRECT("Лист5!N"&244+(COLUMN()-COLUMN($A$1)))} -> 28891.027 | G4: {=INDIRECT("Лист5!N"&244+(COLUMN()-COLUMN($A$1)))} -> 8840.209 | H4: {=INDIRECT("Лист5!N"&244+(COLUMN()-COLUMN($A$1)))} -> 142379.15 | I4: {=INDIRECT("Лист5!N"&244+(COLUMN()-COLUMN($A$1)))} -> 56359.628
A5: 2020 | B5: {=INDIRECT("Лист5!R"&238+(COLUMN()-COLUMN($A$1)))} -> 204495.69 | C5: {=INDIRECT("Лист5!R"&244+(COLUMN()-COLUMN($A$1)))} -> 19228.29 | D5: {=INDIRECT("Лист5!R"&244+(COLUMN()-COLUMN($A$1)))} -> 118206.69 | E5: {=INDIRECT("Лист5!R"&244+(COLUMN()-COLUMN($A$1)))} -> 97983.36 | F5: {=INDIRECT("Лист5!R"&244+(COLUMN()-COLUMN($A$1)))} -> 22292.812 | G5: {=INDIRECT("Лист5!R"&244+(COLUMN()-COLUMN($A$1)))} -> 8651.636 | H5: {=INDIRECT("Лист5!R"&244+(COLUMN()-COLUMN($A$1)))} -> 137371.4 | I5: {=INDIRECT("Лист5!R"&244+(COLUMN()-COLUMN($A$1)))} -> 50255.648
A6: 2021 | B6: {=INDIRECT("Лист5!V"&238+(COLUMN()-COLUMN($A$1)))} -> 288328.6 | C6: {=INDIRECT("Лист5!V"&244+(COLUMN()-COLUMN($A$1)))} -> 26928.836 | D6: {=INDIRECT("Лист5!V"&244+(COLUMN()-COLUMN($A$1)))} -> 142205.35 | E6: {=INDIRECT("Лист5!V"&244+(COLUMN()-COLUMN($A$1)))} -> 109260.95 | F6: {=INDIRECT("Лист5!V"&244+(COLUMN()-COLUMN($A$1)))} -> 22002.962 | G6: {=INDIRECT("Лист5!V"&244+(COLUMN()-COLUMN($A$1)))} -> 9084.8181 | H6: {=INDIRECT("Лист5!V"&244+(COLUMN()-COLUMN($A$1)))} -> 143555.73 | I6: {=INDIRECT("Лист5!V"&244+(COLUMN()-COLUMN($A$1)))} -> 55606.61
A7: 2022 | B7: {=INDIRECT("Лист5!Z"&238+(COLUMN()-COLUMN($A$1)))} -> 352200.51 | C7: {=INDIRECT("Лист5!Z"&244+(COLUMN()-COLUMN($A$1)))} -> 33092.666 | D7: {=INDIRECT("Лист5!Z"&244+(COLUMN()-COLUMN($A$1)))} -> 156051.34 | E7: {=INDIRECT("Лист5!Z"&244+(COLUMN()-COLUMN($A$1)))} -> 121548.73 | F7: {=INDIRECT("Лист5!Z"&244+(COLUMN()-COLUMN($A$1)))} -> 30679.097 | G7: {=INDIRECT("Лист5!Z"&244+(COLUMN()-COLUMN($A$1)))} -> 10363.958 | H7: {=INDIRECT("Лист5!Z"&244+(COLUMN()-COLUMN($A$1)))} -> 159834.13 | I7: {=INDIRECT("Лист5!Z"&244+(COLUMN()-COLUMN($A$1)))} -> 29448.343
A8: 2023 | B8: {=INDIRECT("Лист5!AD"&238+(COLUMN()-COLUMN($A$1)))} -> 469130.99 | C8: {=INDIRECT("Лист5!AD"&244+(COLUMN()-COLUMN($A$1)))} -> 31866.631 | D8: {=INDIRECT("Лист5!AD"&244+(COLUMN()-COLUMN($A$1)))} -> 169137.16 | E8: {=INDIRECT("Лист5!AD"&244+(COLUMN()-COLUMN($A$1)))} -> 129503.44 | F8: {=INDIRECT("Лист5!AD"&244+(COLUMN()-COLUMN($A$1)))} -> 30082.413 | G8: {=INDIRECT("Лист5!AD"&244+(COLUMN()-COLUMN($A$1)))} -> 10862.115 | H8: {=INDIRECT("Лист5!AD"&244+(COLUMN()-COLUMN($A$1)))} -> 161592.2 | I8: {=INDIRECT("Лист5!AD"&244+(COLUMN()-COLUMN($A$1)))} -> 42207.905
A9: 2024 | B9: {=INDIRECT("Лист5!AH"&238+(COLUMN()-COLUMN($A$1)))} -> 1412059 | C9: {=INDIRECT("Лист5!AH"&244+(COLUMN()-COLUMN($A$1)))} -> 36260.645 | D9: {=INDIRECT("Лист5!AH"&244+(COLUMN()-COLUMN($A$1)))} -> 191886.12 | E9: {=INDIRECT("Лист5!AH"&244+(COLUMN()-COLUMN($A$1)))} -> 165368.67 | F9: {=INDIRECT("Лист5!AH"&244+(COLUMN()-COLUMN($A$1)))} -> 65009.674 | G9: {=INDIRECT("Лист5!AH"&244+(COLUMN()-COLUMN($A$1)))} -> 17922.91 | H9: {=INDIRECT("Лист5!AH"&244+(COLUMN()-COLUMN($A$1)))} -> 202101.4 | I9: {=INDIRECT("Лист5!AH"&244+(COLUMN()-COLUMN($A$1)))} -> 58201.416
A10: 2025 | B10: {=INDIRECT("Лист5!AL"&238+(COLUMN()-COLUMN($A$1)))} -> 1662755.3 | C10: {=INDIRECT("Лист5!AL"&244+(COLUMN()-COLUMN($A$1)))} -> 37031.358 | D10: {=INDIRECT("Лист5!AL"&244+(COLUMN()-COLUMN($A$1)))} -> 233417.82 | E10: {=INDIRECT("Лист5!AL"&244+(COLUMN()-COLUMN($A$1)))} -> 217486.61 | F10: {=INDIRECT("Лист5!AL"&244+(COLUMN()-COLUMN($A$1)))} -> 65461.493 | G10: {=INDIRECT("Лист5!AL"&244+(COLUMN()-COLUMN($A$1)))} -> 15606.983 | H10: {=INDIRECT("Лист5!AL"&244+(COLUMN()-COLUMN($A$1)))} -> 221031.83 | I10: {=INDIRECT("Лист5!AL"&244+(COLUMN()-COLUMN($A$1)))} -> 95928.041

Sheet Лист5
A1: Ключевые показатели деятельности страховщиков | B1: Единица измерения | C1: 42825 | D1: 42916 | E1: 43008 | F1: 43100 | G1: 43190 | H1: 43281 | I1: 43373 | J1: 43465 | K1: 43555 | L1: 43646 | M1: 43738 | N1: 43830 | O1: 43921 | P1: 44012 | Q1: 44104 | R1: 44196 | S1: 44286 | T1: 44377 | U1: 44469 | V1: 44561 | W1: 44651 | X1: 44742 | Y1: 44834 | Z1: 44926 | AA1: 45016 | AB1: 45107 | AC1: 45199 | AD1: 45291 | AE1: 45382 | AF1: 45473 | AG1: 45565 | AH1: 45657 | AI1: 45747 | AJ1: 45838 | AK1: 45930 | AL1: 46022
A2: Количество субъектов страхового дела, в том числе: | B2: ед. | C2: 344 | D2: 326 | E2: 319 | F2: 309 | G2: 304 | H2: 293 | I2: 285 | J2: 275 | K2: 271 | L2: 268 | M2: 264 | N2: 255 | O2: 246 | P2: 242 | Q2: 237 | R2: 232 | S2: 231 | T2: 230 | U2: 225 | V2: 222 | W2: 222 | X2: 220 | Y2: 219 | Z2: 215 | AA2: 211 | AB2: 209 | AC2: 211 | AD2: 211 | AE2: 212 | AF2: 207 | AG2: 209 | AH2: 208 | AI2: 208 | AJ2: 208 | AK2: 204 | AL2: 204
A3: количество страховых организаций | B3: ед. | C3: 247 | D3: 242 | E3: 236 | F3: 226 | G3: 223 | H3: 214 | I3: 208 | J3: 199 | K3: 193 | L3: 188 | M3: 185 | N3: 178 | O3: 173 | P3: 169 | Q3: 165 | R3: 160 | S3: 160 | T3: 158 | U3: 151 | V3: 147 | W3: 146 | X3: 144 | Y3: 143 | Z3: 140 | AA3: 136 | AB3: 135 | AC3: 133 | AD3: 132 | AE3: 133 | AF3: 132 | AG3: 134 | AH3: 131 | AI3: 131 | AJ3: 131 | AK3: 128 | AL3: 129
A4: количество обществ взаимного страхования | B4: ед. | C4: 12 | D4: 12 | E4: 12 | F4: 12 | G4: 12 | H4: 12 | I4: 13 | J4: 12 | K4: 12 | L4: 12 | M4: 12 | N4: 11 | O4: 10 | P4: 10 | Q4: 11 | R4: 13 | S4: 14 | T4: 15 | U4: 16 | V4: 16 | W4: 18 | X4: 17 | Y4: 19 | Z4: 18 | AA4: 18 | AB4: 18 | AC4: 21 | AD4: 21 | AE4: 21 | AF4: 20 | AG4: 19 | AH4: 20 | AI4: 20 | AJ4: 19 | AK4: 18 | AL4: 15
A5: количество страховых брокеров | B5: ед. | C5: 85 | D5: 72 | E5: 71 | F5: 71 | G5: 69 | H5: 67 | I5: 64 | J5: 64 | K5: 66 | L5: 68 | M5: 67 | N5: 66 | O5: 63 | P5: 63 | Q5: 61 | R5: 59 | S5: 57 | T5: 57 | U5: 58 | V5: 59 | W5: 58 | X5: 59 | Y5: 57 | Z5: 57 | AA5: 57 | AB5: 56 | AC5: 57 | AD5: 58 | AE5: 58 | AF5: 55 | AG5: 56 | AH5: 57 | AI5: 57 | AJ5: 58 | AK5: 58 | AL5: 60
A6: Страховые премии (взносы) по договорам страхования1, в том числе по видам страхования: | B6: млн руб. | C6: 316317.26 | D6: 645970.79 | E6: 962439.9 | F6: 1278841.6 | G6: 377414.27 | H6: 731781.94 | I6: 1093836.2 | J6: 1479501.1 | K6: 378595.42 | L6: 739250.28 | M6: 1101338.4 | N6: 1481177.6 | O6: 426272.35 | P6: 739065.15 | Q6: 1135894.1 | R6: 1538700.7 | S6: 459799.28 | T6: 894187.3 | U6: 1356131.2 | V6: 1808289.3 | W6: 452281.34 | X6: 862257.19 | Y6: 1327934.7 | Z6: 1816747.6 | AA6: 548353.86 | AB6: 1073123.6 | AC6: 1646736.8 | AD6: 2285058.4 | AE6: 578425.59 | AF6: 1293612.6 | AG6: 2407471.9 | AH6: 3720036.7 | AI6: 845426.82 | AJ6: 1766648.4 | AK6: 2762379.9 | AL6: 3976613.9
A7: добровольное страхование жизни, в том числе: | B7: млн руб. | C7: 59830.624 | D7: 141230.79 | E7: 230882.38 | F7: 331536.83 | G7: 92220.753 | H7: 205718.56 | I7: 324903.61 | J7: 452399.85 | K7: 85238.37 | L7: 183698.92 | M7: 288007.67 | N7: 409374.11 | O7: 98832.577 | P7: 179177.16 | Q7: 299652.63 | R7: 430517.25 | S7: 106351.27 | T7: 235260.36 | U7: 379459.97 | V7: 524402.37 | W7: 94734.934 | X7: 218306.91 | Y7: 359260.72 | Z7: 511299.22 | AA7: 148359.67 | AB7: 342736.4 | AC7: 542954.94 | AD7: 775060.93 | AE7: 200824.31 | AF7: 487394.92 | AG7: 1160460.8 | AH7: 2033132.8 | AI7: 448847.92 | AJ7: 950556.36 | AK7: 1501216.6 | AL7: 2253618.3
A8: инвестиционное страхование жизни | B8: млн руб. | C8: nd | D8: nd | E8: nd | F8: nd | G8: nd | H8: nd | I8: nd | J8: nd | K8: nd | L8: 86515.724 | M8: 140999.34 | N8: 181984.85 | O8: 47500.67 | P8: 81428.463 | Q8: 128085.01 | R8: 182899.09 | S8: 44846.714 | T8: 100886.66 | U8: 158395.17 | V8: 219440.76 | W8: 30426.44 | X8: 51699.765 | Y8: 86469.1 | Z8: 118344.02 | AA8: 32625.186 | AB8: 80338.359 | AC8: 137978.99 | AD8: 207898.46 | AE8: 53441.94 | AF8: 145906.88 | AG8: 313985.54 | AH8: 501785.6 | AI8: 206574.97 | AJ8: 404380.18 | AK8: 607701.67 | AL8: 911462.84
A9: кредитное страхование жизни | B9: млн руб. | C9: nd | D9: nd | E9: nd | F9: nd | G9: nd | H9: nd | I9: nd | J9: nd | K9: nd | L9: nd | M9: nd | N9: nd | O9: nd | P9: nd | Q9: nd | R9: nd | S9: nd | T9: nd | U9: nd | V9: 136083.02 | W9: 22815.095 | X9: 44921.161 | Y9: 86314.725 | Z9: 135773.56 | AA9: 46076.736 | AB9: 107138.46 | AC9: 162077.32 | AD9: 204937.12 | AE9: 21288.227 | AF9: 44555.615 | AG9: 63824.627 | AH9: 76257.433 | AI9: 10500.885 | AJ9: 23809.596 | AK9: 47702.747 | AL9: 78180.88
A10: накопительное страхование жизни | B10: млн руб. | C10: nd | D10: nd | E10: nd | F10: nd | G10: nd | H10: nd | I10: nd | J10: nd | K10: nd | L10: nd | M10: nd | N10: nd | O10: nd | P10: nd | Q10: nd | R10: nd | S10: nd | T10: nd | U10: nd | V10: 156292.11 | W10: 39173.395 | X10: 117193.38 | Y10: 179405.79 | Z10: 247873.81 | AA10: 67387.401 | AB10: 149843.15 | AC10: 234831.67 | AD10: 352398.64 | AE10: 124032.17 | AF10: 292187.34 | AG10: 775659.05 | AH10: 1445877.8 | AI10: 229484.79 | AJ10: 518261.15 | AK10: 836885.04 | AL10: 1218029.9
A11: рисковое страхование жизни | B11: млн руб. | C11: nd | D11: nd | E11: nd | F11: nd | G11: nd | H11: nd | I11: nd | J11: nd | K11: nd | L11: nd | M11: nd | N11: nd | O11: nd | P11: nd | Q11: nd | R11: nd | S11: nd | T11: nd | U11: nd | V11: 8405.1326 | W11: 1339.4948 | X11: 2633.7412 | Y11: 4280.8273 | Z11: 5522.3159 | AA11: 1338.7969 | AB11: 2723.2937 | AC11: 4309.8344 | AD11: 4928.4984 | AE11: 951.42884 | AF11: 1741.386 | AG11: 2737.6528 | AH11: 3619.0061 | AI11: 584.92389 | AJ11: 1293.8409 | AK11: 2346.0793 | AL11: 1617.6072
A12: прочее страхование жизни | B12: млн руб. | C12: nd | D12: nd | E12: nd | F12: nd | G12: nd | H12: nd | I12: nd | J12: nd | K12: nd | L12: nd | M12: nd | N12: nd | O12: nd | P12: nd | Q12: nd | R12: nd | S12: nd | T12: nd | U12: nd | V12: 2011.0684 | W12: 524.91341 | X12: 1066.6455 | Y12: 1659.8941 | Z12: 2282.69 | AA12: 610.06064 | AB12: 1270.3602 | AC12: 1936.2908 | AD12: 2637.8168 | AE12: 717.63265 | AF12: 1477.9989 | AG12: 2244.7845 | AH12: 3047.8648 | AI12: 1172.0868 | AJ12: 1681.8901 | AK12: 2613.8636 | AL12: 6309.6423
A13: пенсионное страхование | B13: млн руб. | C13: 331.302 | D13: 694.377 | E13: 1023.262 | F13: 1438.842 | G13: 345.79347 | H13: 801.77634 | I13: 1168.2025 | J13: 1559.7758 | K13: 334.51559 | L13: 687.75495 | M13: 1703.9661 | N13: 2116.6406 | O13: 395.33401 | P13: 769.57547 | Q13: 1246.4981 | R13: 2267.814 | S13: 428.59651 | T13: 848.09288 | U13: 1670.9852 | V13: 2170.2675 | W13: 455.5947 | X13: 792.21618 | Y13: 1130.3878 | Z13: 1502.8261 | AA13: 321.48788 | AB13: 1422.7778 | AC13: 1820.8267 | AD13: 2260.3998 | AE13: 392.90691 | AF13: 1525.7043 | AG13: 2009.1274 | AH13: 2545.1595 | AI13: 530.2667 | AJ13: 1112.9277 | AK13: 3875.7257 | AL13: 7617.3108
A14: добровольное страхование от несчастных случаев и болезней | B14: млн руб. | C14: 24529.707 | D14: 55057.369 | E14: 87690.706 | F14: 121249.28 | G14: 31595.521 | H14: 70083.992 | I14: 114229.92 | J14: 169520.92 | K14: 42376.931 | L14: 90491.37 | M14: 137676.05 | N14: 187366.46 | O14: 48702.416 | P14: 87735.376 | Q14: 143338.57 | R14: 202309.86 | S14: 63193.496 | T14: 132955.69 | U14: 200789.95 | V14: 261893.42 | W14: 41229.222 | X14: 79959.068 | Y14: 141964.67 | Z14: 207182.37 | AA14: 56014.702 | AB14: 111688.87 | AC14: 161219.82 | AD14: 200056.12 | AE14: 38856.683 | AF14: 81917.184 | AG14: 128090.92 | AH14: 168044.5 | AI14: 42579.825 | AJ14: 77190.122 | AK14: 118681.7 | AL14: 157469.06
A15: добровольное медицинское страхование | B15: млн руб. | C15: 68544.815 | D15: 98075.609 | E15: 120896.67 | F15: 140007.95 | G15: 72521.276 | H15: 104079.55 | I15: 129844.71 | J15: 151842.79 | K15: 77878.189 | L15: 115606.29 | M15: 150418.07 | N15: 180654.79 | O15: 84573.315 | P15: 116804.28 | Q15: 147570.62 | R15: 176964.71 | S15: 86959.055 | T15: 127172.24 | U15: 163973.74 | V15: 199927.19 | W15: 93050.449 | X15: 140001.83 | Y15: 176784.09 | Z15: 213702.21 | AA15: 91740.959 | AB15: 125095.82 | AC15: 176131.56 | AD15: 253498.47 | AE15: 77563.324 | AF15: 172940.78 | AG15: 245222.01 | AH15: 328295.88 | AI15: 79946.596 | AJ15: 161328 | AK15: 241199.32 | AL15: 323650.71
A16: добровольное страхование средств наземного транспорта (кроме средств железнодорожного транспорта) | B16: млн руб. | C16: 36750.187 | D16: 77730.511 | E16: 118021.59 | F16: 162495.76 | G16: 36708.358 | H16: 80141.781 | I16: 121448.13 | J16: 168691.76 | K16: 35961.216 | L16: 78276.577 | M16: 121506.38 | N16: 170546.91 | O16: 39349.92 | P16: 75544.924 | Q16: 123062.87 | R16: 175422.87 | S16: 44581.446 | T16: 93188.307 | U16: 147998.32 | V16: 207076.23 | W16: 51587.739 | X16: 103326.38 | Y16: 160597.25 | Z16: 222845.42 | AA16: 58446.426 | AB16: 120489.96 | AC16: 192624.84 | AD16: 270638.65 | AE16: 71393.336 | AF16: 147297.09 | AG16: 236252.13 | AH16: 323157.78 | AI16: 69680.354 | AJ16: 149600.07 | AK16: 240695.2 | AL16: 338831.25
A17: добровольное страхование имущества юридических лиц (кроме транспортных средств, грузов и сельскохозяйственного страхования) | B17: млн руб. | C17: 25748.87 | D17: 52351.977 | E17: 79916.424 | F17: 95988.475 | G17: 34277.535 | H17: 53473.471 | I17: 76832.006 | J17: 88523.652 | K17: 33527.903 | L17: 56957.95 | M17: 84873.797 | N17: 103322.3 | O17: 43557.373 | P17: 67732.147 | Q17: 96562.788 | R17: 113142.52 | S17: 37533.813 | T17: 65632.02 | U17: 96748.073 | V17: 120193.47 | W17: 41774.617 | X17: 69467.887 | Y17: 104558.91 | Z17: 128641.8 | AA17: 40128.167 | AB17: 71601.167 | AC17: 102697.68 | AD17: 133944.21 | AE17: 35319.2 | AF17: 72216.525 | AG17: 113608.3 | AH17: 150858.4 | AI17: 40703.303 | AJ17: 83297.206 | AK17: 127373.78 | AL17: 170294.38
A18: добровольное страхование имущества граждан (кроме транспортных средств, грузов и сельскохозяйственного страхования) | B18: млн руб. | C18: 11470.293 | D18: 25397.171 | E18: 41148.174 | F18: 57406.518 | G18: 13402.614 | H18: 28315.86 | I18: 45517.844 | J18: 64810.514 | K18: 14488.979 | L18: 30900.539 | M18: 49562.805 | N18: 71900.593 | O18: 15856.319 | P18: 30266.589 | Q18: 50088.244 | R18: 71650.464 | S18: 17012.953 | T18: 35786.464 | U18: 57421.623 | V18: 81776.524 | W18: 18577.054 | X18: 37380.215 | Y18: 59161.176 | Z18: 84251.618 | AA18: 29133.573 | AB18: 50961.955 | AC18: 83190.867 | AD18: 117359.77 | AE18: 25943.313 | AF18: 56712.743 | AG18: 89918.504 | AH18: 126247.93 | AI18: 29148.195 | AJ18: 62101.43 | AK18: 98419.808 | AL18: 136924.8
A19: обязательное страхование гражданской ответственности владельцев транспортных средств | B19: млн руб. | C19: 48237.933 | D19: 109191.87 | E19: 165254.33 | F19: 222075.98 | G19: 46019.624 | H19: 107302.33 | I19: 165077.84 | J19: 225965.14 | K19: 45118.364 | L19: 101588.39 | M19: 153986.88 | N19: 214948.98 | O19: 46464.982 | P19: 102961.12 | Q19: 163784.74 | R19: 220021.18 | S19: 49977.035 | T19: 109462.1 | U19: 171987.23 | V19: 225548.35 | W19: 52401.515 | X19: 117999.41 | Y19: 191260.89 | Z19: 273103.36 | AA19: 68957.242 | AB19: 151928.94 | AC19: 235236.19 | AD19: 324416.06 | AE19: 72903.201 | AF19: 154908.18 | AG19: 242721.89 | AH19: 331940.74 | AI19: 73890.157 | AJ19: 156499.02 | AK19: 240222.68 | AL19: 330281.69
A20: прочие виды | B20: млн руб. | C20: 41204.832 | D20: 86935.488 | E20: 118629.63 | F20: 148080.8 | G20: 50668.586 | H20: 82666.395 | I20: 115982.09 | J20: 157746.5 | K20: 44005.464 | L20: 81730.238 | M20: 115306.78 | N20: 143063.46 | O20: 48935.449 | P20: 78843.556 | Q20: 111833.66 | R20: 148671.88 | S20: 54190.214 | T20: 94730.114 | U20: 137752.27 | V20: 187471.73 | W20: 58925.813 | X20: 95815.489 | Y20: 134347 | Z20: 175721.64 | AA20: 55573.127 | AB20: 98620.455 | AC20: 152680.86 | AD20: 210084.14 | AE20: 55622.226 | AF20: 120225.19 | AG20: 191197.38 | AH20: 258358.63 | AI20: 60630.466 | AJ20: 126076.22 | AK20: 194570.8 | AL20: 265543.68
A21: Страховые премии по договорам страхования, заключенным с физическими лицами | B21: млн руб. | C21: 156611.36 | D21: 357297.49 | E21: 561368.61 | F21: 780226.29 | G21: 189032.85 | H21: 427880.42 | I21: 678146.33 | J21: 958216.03 | K21: 204518.28 | L21: 357905.43 | M21: 691368.57 | N21: 964397.27 | O21: 227290.26 | P21: 431012.55 | Q21: 705943.81 | R21: 993538.33 | S21: 255134.96 | T21: 553309.95 | U21: 872004.55 | V21: 1178314.3 | W21: 225317.35 | X21: 489280.82 | Y21: 802781.86 | Z21: 1131686.9 | AA21: 315905.13 | AB21: 666490.19 | AC21: 1048039 | AD21: 1460314.1 | AE21: 373361.11 | AF21: 864137.83 | AG21: 1749295.5 | AH21: 2818401.6 | AI21: 623744.09 | AJ21: 1309175.9 | AK21: 2060679.9 | AL21: 3022415.8
A22: Страховые премии по договорам страхования, заключенным с индивидуальными предпринимателями и юридическими лицами | B22: млн руб. | C22: 159705.9 | D22: 288673.3 | E22: 401156.66 | F22: 497358.61 | G22: 187764.47 | H22: 303023.66 | I22: 414270.64 | J22: 520189.49 | K22: 173602.67 | L22: 278947.91 | M22: 409081.43 | N22: 515277.93 | O22: 199024.26 | P22: 309188.93 | Q22: 430095.62 | R22: 543928.41 | S22: 204519.36 | T22: 340549.94 | U22: 482628.97 | V22: 629975.02 | W22: 226963.99 | X22: 372976.37 | Y22: 525152.85 | Z22: 685060.71 | AA22: 232448.74 | AB22: 406633.38 | AC22: 598697.76 | AD22: 824744.22 | AE22: 205064.48 | AF22: 429474.79 | AG22: 658176.45 | AH22: 901635.06 | AI22: 221682.73 | AJ22: 457472.56 | AK22: 701699.91 | AL22: 954198.09
A23: Количество договоров страхования, заключенные в отчетном периоде, в том числе по видам страхования: | B23: ед. | C23: 37613429 | D23: 88543007 | E23: 134544082 | F23: 193112018 | G23: 40722085 | H23: 94456832 | I23: 150577443 | J23: 202556322 | K23: 43507166 | L23: 99264916 | M23: 150839701 | N23: 208109759 | O23: 40168096 | P23: 77911339 | Q23: 126326422 | R23: 175104790 | S23: 41214799 | T23: 96294529 | U23: 184812918 | V23: 242239790 | W23: 46762408 | X23: 105882485 | Y23: 168319245 | Z23: 241311293 | AA23: 52505366 | AB23: 121079717 | AC23: 216397793 | AD23: 300908983 | AE23: 54851057 | AF23: 127656532 | AG23: 212064368 | AH23: 298569102 | AI23: 54639725 | AJ23: 143709786 | AK23: 211707407 | AL23: 395478982
A24: добровольное страхование жизни, в том числе: | B24: ед. | C24: 987727 | D24: 2104614 | E24: 3259946 | F24: 4537172 | G24: 884299 | H24: 2619310 | I24: 4427162 | J24: 6003845 | K24: 1136304 | L24: 2399410 | M24: 3712652 | N24: 5212447 | O24: 1097530 | P24: 2112822 | Q24: 3669583 | R24: 5382538 | S24: 1377994 | T24: 2944281 | U24: 4612065 | V24: 6339933 | W24: 1118085 | X24: 2202664 | Y24: 3738200 | Z24: 5167387 | AA24: 1278614 | AB24: 2702432 | AC24: 4320953 | AD24: 5220701 | AE24: 1182527 | AF24: 2472645 | AG24: 3464418 | AH24: 4636721 | AI24: 1562792 | AJ24: 9060298 | AK24: 2837172 | AL24: 3968805
A25: инвестиционное страхование жизни | B25: ед. | C25: nd | D25: nd | E25: nd | F25: nd | G25: nd | H25: nd | I25: nd | J25: nd | K25: nd | L25: 177499 | M25: 255022 | N25: 330192 | O25: 87539 | P25: 151037 | Q25: 310029 | R25: 347190 | S25: 80160 | T25: 173985 | U25: 267498 | V25: 360598 | W25: 52813 | X25: 89977 | Y25: 134739 | Z25: 169390 | AA25: 33030 | AB25: 65992 | AC25: 95751 | AD25: 132905 | AE25: 25474 | AF25: 37146 | AG25: 48632 | AH25: 71837 | AI25: 12258 | AJ25: 26998 | AK25: 40633 | AL25: 59635
A26: кредитное страхование жизни | B26: ед. | C26: nd | D26: nd | E26: nd | F26: nd | G26: nd | H26: nd | I26: nd | J26: nd | K26: nd | L26: nd | M26: nd | N26: nd | O26: nd | P26: nd | Q26: nd | R26: nd | S26: nd | T26: nd | U26: nd | V26: 4935066 | W26: 916066 | X26: 1734423 | Y26: 2977895 | Z26: 4169898 | AA26: 897346 | AB26: 1928534 | AC26: 3066195 | AD26: 3880748 | AE26: 669990 | AF26: 1561196 | AG26: 2384217 | AH26: 2972571 | AI26: 1258342 | AJ26: 7586811 | AK26: 1506362 | AL26: 2103425
A27: накопительное страхование жизни | B27: ед. | C27: nd | D27: nd | E27: nd | F27: nd | G27: nd | H27: nd | I27: nd | J27: nd | K27: nd | L27: nd | M27: nd | N27: nd | O27: nd | P27: nd | Q27: nd | R27: nd | S27: nd | T27: nd | U27: nd | V27: 478326 | W27: 80723 | X27: 233397 | Y27: 381343 | Z27: 508947 | AA27: 204551 | AB27: 415052 | AC27: 715084 | AD27: 977131 | AE27: 442411 | AF27: 791727 | AG27: 909864 | AH27: 1423134 | AI27: 237577 | AJ27: 1342233 | AK27: 1132885 | AL27: 1466758
A28: рисковое страхование жизни | B28: ед. | C28: nd | D28: nd | E28: nd | F28: nd | G28: nd | H28: nd | I28: nd | J28: nd | K28: nd | L28: nd | M28: nd | N28: nd | O28: nd | P28: nd | Q28: nd | R28: nd | S28: nd | T28: nd | U28: nd | V28: 512312 | W28: 56460 | X28: 120852 | Y28: 207299 | Z28: 268802 | AA28: 131961 | AB28: 268946 | AC28: 407750 | AD28: 180427 | AE28: 33473 | AF28: 59324 | AG28: 85770 | AH28: 118908 | AI28: 42927 | AJ28: 80139 | AK28: 115933 | AL28: 208836
A29: прочее страхование жизни | B29: ед. | C29: nd | D29: nd | E29: nd | F29: nd | G29: nd | H29: nd | I29: nd | J29: nd | K29: nd | L29: nd | M29: nd | N29: nd | O29: nd | P29: nd | Q29: nd | R29: nd | S29: nd | T29: nd | U29: nd | V29: 45784 | W29: 9807 | X29: 19835 | Y29: 30602 | Z29: 42299 | AA29: 9656 | AB29: 19329 | AC29: 29113 | AD29: 39634 | AE29: 9121 | AF29: 18183 | AG29: 27616 | AH29: 37700 | AI29: 8845 | AJ29: 18031 | AK29: 27712 | AL29: 103257
A30: пенсионное страхование | B30: ед. | C30: 1000 | D30: 1939 | E30: 2774 | F30: 3745 | G30: 709 | H30: 3204 | I30: 4165 | J30: 6951 | K30: 814 | L30: 2094 | M30: 3493 | N30: 6388 | O30: 1701 | P30: 2906 | Q30: 4662 | R30: 6710 | S30: 1637 | T30: 3379 | U30: 5232 | V30: 7847 | W30: 2216 | X30: 4180 | Y30: 6322 | Z30: 8051 | AA30: 2070 | AB30: 4579 | AC30: 7060 | AD30: 9856 | AE30: 2058 | AF30: 5069 | AG30: 8319 | AH30: 12571 | AI30: 2843 | AJ30: 6072 | AK30: 9391 | AL30: 13842
A31: добровольное страхование от несчастных случаев и болезней | B31: ед. | C31: 11279912 | D31: 25617944 | E31: 40392954 | F31: 59595204 | G31: 11479391 | H31: 25788842 | I31: 43151617 | J31: 57633509 | K31: 11642737 | L31: 26871224 | M31: 40252592 | N31: 55158256 | O31: 9339975 | P31: 16793049 | Q31: 27876557 | R31: 39886810 | S31: 9990992 | T31: 23742278 | U31: 50188124 | V31: 64681020 | W31: 10675132 | X31: 25243029 | Y31: 41429022 | Z31: 59741237 | AA31: 12397021 | AB31: 32705061 | AC31: 63423400 | AD31: 87328998 | AE31: 13361895 | AF31: 32394923 | AG31: 55183753 | AH31: 78698713 | AI31: 15864505 | AJ31: 38964298 | AK31: 53213197 | AL31: 103918576
A32: добровольное медицинское страхование | B32: ед. | C32: 2218522 | D32: 6726658 | E32: 9193538 | F32: 11086927 | G32: 2333279 | H32: 7125341 | I32: 9942280 | J32: 12317853 | K32: 3202107 | L32: 9411611 | M32: 13975836 | N32: 17033842 | O32: 3174577 | P32: 6243716 | Q32: 8260416 | R32: 10730002 | S32: 2171473 | T32: 6824056 | U32: 9932286 | V32: 12620220 | W32: 2779693 | X32: 7120886 | Y32: 10112291 | Z32: 13014840 | AA32: 2831232 | AB32: 7368468 | AC32: 10228582 | AD32: 13860106 | AE32: 3442143 | AF32: 8950433 | AG32: 12280618 | AH32: 15448136 | AI32: 3012995 | AJ32: 8075242 | AK32: 11602465 | AL32: 14688695
A33: добровольное страхование средств наземного транспорта (кроме средств железнодорожного транспорта) | B33: ед. | C33: 772964 | D33: 1750832 | E33: 2774549 | F33: 3932793 | G33: 926844 | H33: 2175289 | I33: 3427706 | J33: 4731289 | K33: 951686 | L33: 2229859 | M33: 3413369 | N33: 4934083 | O33: 1069070 | P33: 2436373 | Q33: 4192313 | R33: 5244630 | S33: 1159208 | T33: 2542393 | U33: 4102329 | V33: 5426989 | W33: 1242845 | X33: 2522061 | Y33: 4047737 | Z33: 6049534 | AA33: 1782857 | AB33: 3798880 | AC33: 6147123 | AD33: 8892968 | AE33: 2306204 | AF33: 4879532 | AG33: 7503103 | AH33: 10578448 | AI33: 2101407 | AJ33: 4573688 | AK33: 7432243 | AL33: 10689599
A34: добровольное страхование имущества юридических лиц (кроме транспортных средств, грузов и сельскохозяйственного страхования) | B34: ед. | C34: 86844 | D34: 196816 | E34: 297745 | F34: 423567 | G34: 98425 | H34: 226950 | I34: 355832 | J34: 729707 | K34: 110306 | L34: 198787 | M34: 313282 | N34: 440595 | O34: 87108 | P34: 174563 | Q34: 281678 | R34: 409601 | S34: 111688 | T34: 241396 | U34: 365859 | V34: 548029 | W34: 155779 | X34: 386065 | Y34: 675838 | Z34: 904109 | AA34: 247263 | AB34: 498805 | AC34: 744618 | AD34: 1048191 | AE34: 225290 | AF34: 502793 | AG34: 1085090 | AH34: 1550643 | AI34: 368201 | AJ34: 775738 | AK34: 1273613 | AL34: 1801528
A35: добровольное страхование имущества граждан (кроме транспортных средств, грузов и сельскохозяйственного страхования) | B35: ед. | C35: 7144725 | D35: 16152109 | E35: 26414031 | F35: 38296978 | G35: 9097757 | H35: 19900065 | I35: 32929748 | J35: 45662023 | K35: 11068885 | L35: 22719927 | M35: 34639536 | N35: 48790230 | O35: 9472615 | P35: 18747677 | Q35: 30896378 | R35: 43219929 | S35: 9569026 | T35: 20539107 | U35: 41838292 | V35: 55334418 | W35: 10181116 | X35: 21676301 | Y35: 34287803 | Z35: 50976424 | AA35: 11151218 | AB35: 22878423 | AC35: 42610482 | AD35: 61511189 | AE35: 12026877 | AF35: 25985300 | AG35: 44007838 | AH35: 62552963 | AI35: 9610133 | AJ35: 26073161 | AK35: 40653785 | AL35: 94105982
A36: обязательное страхование гражданской ответственности владельцев транспортных средств | B36: ед. | C36: 8030286 | D36: 20009718 | E36: 28255512 | F36: 38164033 | G36: 7928744 | H36: 18988504 | I36: 29077231 | J36: 39704379 | K36: 8091138 | L36: 18936130 | M36: 28539062 | N36: 39691288 | O36: 8314528 | P36: 18924269 | Q36: 29946173 | R36: 39659499 | S36: 8690823 | T36: 19717846 | U36: 30842382 | V36: 39923837 | W36: 8567068 | X36: 18922994 | Y36: 29528199 | Z36: 40131233 | AA36: 8507289 | AB36: 19568736 | AC36: 30364533 | AD36: 41315586 | AE36: 8805996 | AF36: 20010344 | AG36: 31878482 | AH36: 44506337 | AI36: 10049994 | AJ36: 22349565 | AK36: 37192788 | AL36: 54435536
A37: прочие виды | B37: ед. | C37: 7092449 | D37: 15984316 | E37: 23955807 | F37: 37075344 | G37: 7973346 | H37: 17632531 | I37: 27265867 | J37: 35773717 | K37: 7304003 | L37: 16497968 | M37: 25993372 | N37: 36849018 | O37: 7612693 | P37: 12478870 | Q37: 21203324 | R37: 30571781 | S37: 8143595 | T37: 19743172 | U37: 42931581 | V37: 57365344 | W37: 12042690 | X37: 27808485 | Y37: 44500155 | Z37: 65326529 | AA37: 14309872 | AB37: 31558912 | AC37: 58558102 | AD37: 81731244 | AE37: 13500125 | AF37: 32460562 | AG37: 56661066 | AH37: 80597141 | AI37: 12069698 | AJ37: 33837796 | AK37: 57502144 | AL37: 111870261
A38: Количество заключенных договоров страхования с физическими лицами | B38: ед. | C38: 33494442 | D38: 79842837 | E38: 121321859 | F38: 175409741 | G38: 35847669 | H38: 84814372 | I38: 135287066 | J38: 181375050 | K38: 38863595 | L38: 88843920 | M38: 134880969 | N38: 185858478 | O38: 35361537 | P38: 69072819 | Q38: 112394749 | R38: 153748177 | S38: 35924142 | T38: 83543466 | U38: 163949577 | V38: 212238717 | W38: 39197558 | X38: 89215154 | Y38: 140267949 | Z38: 202491876 | AA38: 43449446 | AB38: 97659956 | AC38: 177540072 | AD38: 247710761 | AE38: 47215728 | AF38: 109900839 | AG38: 184694032 | AH38: 260842530 | AI38: 47651173 | AJ38: 114247957 | AK38: 185621821 | AL38: 359321637
A39: Количество заключенных договоров страхования с индивидуальными предпринимателями и юридическими лицами | B39: ед. | C39: 4118987 | D39: 8700170 | E39: 13222223 | F39: 17702277 | G39: 4874416 | H39: 9642460 | I39: 15290377 | J39: 21181272 | K39: 4643571 | L39: 10420996 | M39: 15958732 | N39: 22251281 | O39: 4806559 | P39: 8838520 | Q39: 13931673 | R39: 21356613 | S39: 5290657 | T39: 12751063 | U39: 20863341 | V39: 30001073 | W39: 7564850 | X39: 16667331 | Y39: 28051296 | Z39: 38819417 | AA39: 9055920 | AB39: 23419761 | AC39: 38857721 | AD39: 53198222 | AE39: 7635329 | AF39: 17755693 | AG39: 27370336 | AH39: 37726572 | AI39: 6988552 | AJ39: 29461829 | AK39: 26085586 | AL39: 36157345
A40: Средняя страховая премия, в том числе по видам страхования: | B40: тыс руб. | C40: 8.4096896 | D40: 7.2955596 | E40: 7.1533425 | F40: 6.6222787 | G40: 9.2680487 | H40: 7.7472633 | I40: 7.2642763 | J40: 7.3041469 | K40: 8.7019094 | L40: 7.4472463 | M40: 7.3013831 | N40: 7.1172904 | O40: 10.612212 | P40: 9.4859768 | Q40: 8.9917383 | R40: 8.7873138 | S40: 11.156169 | T40: 9.2859616 | U40: 7.3378593 | V40: 7.464873 | W40: 9.6719002 | X40: 8.1435299 | Y40: 7.8893814 | Z40: 7.5286474 | AA40: 10.443768 | AB40: 8.8629507 | AC40: 7.6097669 | AD40: 7.5938522 | AE40: 10.545386 | AF40: 10.13354 | AG40: 11.352553 | AH40: 12.45955 | AI40: 15.47275 | AJ40: 12.293167 | AK40: 13.048102 | AL40: 10.055184
A41: добровольное страхование жизни, в том числе: | B41: тыс руб. | C41: 60.574049 | D41: 67.105318 | E41: 70.823988 | F41: 73.071249 | G41: 104.28685 | H41: 78.539219 | I41: 73.388688 | J41: 75.351688 | K41: 75.013702 | L41: 76.560037 | M41: 77.574648 | N41: 78.537797 | O41: 90.050001 | P41: 84.804665 | Q41: 81.658497 | R41: 79.984062 | S41: 77.178325 | T41: 79.904182 | U41: 82.275503 | V41: 82.714182 | W41: 84.729635 | X41: 99.110402 | Y41: 96.105271 | Z41: 98.947344 | AA41: 116.03163 | AB41: 126.82517 | AC41: 125.65629 | AD41: 148.45917 | AE41: 169.8264 | AF41: 197.1148 | AG41: 334.96558 | AH41: 438.48505 | AI41: 287.20899 | AJ41: 104.91447 | AK41: 529.12427 | AL41: 567.83297
A42: инвестиционное страхование жизни | B42: тыс руб. | C42: nd | D42: nd | E42: nd | F42: nd | G42: nd | H42: nd | I42: nd | J42: nd | K42: nd | L42: 487.41528 | M42: 552.89088 | N42: 551.14859 | O42: 542.62295 | P42: 539.12924 | Q42: 413.13881 | R42: 526.79826 | S42: 559.465 | T42: 579.85837 | U42: 592.1359 | V42: 608.54681 | W42: 576.11649 | X42: 574.58868 | Y42: 641.75257 | Z42: 698.6482 | AA42: 987.74406 | AB42: 1217.3954 | AC42: 1441.0188 | AD42: 1564.2636 | AE42: 2097.9014 | AF42: 3927.9298 | AG42: 6456.3568 | AH42: 6985.0578 | AI42: 16852.257 | AJ42: 14978.153 | AK42: 14955.865 | AL42: 15284.025
A43: кредитное страхование жизни | B43: тыс руб. | C43: nd | D43: nd | E43: nd | F43: nd | G43: nd | H43: nd | I43: nd | J43: nd | K43: nd | L43: nd | M43: nd | N43: nd | O43: nd | P43: nd | Q43: nd | R43: nd | S43: nd | T43: nd | U43: nd | V43: 27.574712 | W43: 24.905515 | X43: 25.899773 | Y43: 28.985147 | Z43: 32.560402 | AA43: 51.347792 | AB43: 55.554354 | AC43: 52.859431 | AD43: 52.808664 | AE43: 31.773948 | AF43: 28.539412 | AG43: 26.769638 | AH43: 25.653696 | AI43: 8.345017 | AJ43: 3.1382877 | AK43: 31.667519 | AL43: 37.16837
A44: накопительное страхование жизни | B44: тыс руб. | C44: nd | D44: nd | E44: nd | F44: nd | G44: nd | H44: nd | I44: nd | J44: nd | K44: nd | L44: nd | M44: nd | N44: nd | O44: nd | P44: nd | Q44: nd | R44: nd | S44: nd | T44: nd | U44: nd | V44: 326.74811 | W44: 485.28171 | X44: 502.12035 | Y44: 470.4578 | Z44: 487.03266 | AA44: 329.44058 | AB44: 361.02259 | AC44: 328.39732 | AD44: 360.64626 | AE44: 280.35508 | AF44: 369.05061 | AG44: 852.49999 | AH44: 1015.9815 | AI44: 965.93858 | AJ44: 386.11862 | AK44: 738.72021 | AL44: 830.4232
A45: рисковое страхование жизни | B45: тыс руб. | C45: nd | D45: nd | E45: nd | F45: nd | G45: nd | H45: nd | I45: nd | J45: nd | K45: nd | L45: nd | M45: nd | N45: nd | O45: nd | P45: nd | Q45: nd | R45: nd | S45: nd | T45: nd | U45: nd | V45: 16.406277 | W45: 23.724668 | X45: 21.793112 | Y45: 20.650497 | Z45: 20.544177 | AA45: 10.145399 | AB45: 10.125801 | AC45: 10.569796 | AD45: 27.315747 | AE45: 28.42377 | AF45: 29.35382 | AG45: 31.918536 | AH45: 30.435346 | AI45: 13.626014 | AJ45: 16.144959 | AK45: 20.23651 | AL45: 7.7458253
A46: прочее страхование жизни | B46: тыс руб. | C46: nd | D46: nd | E46: nd | F46: nd | G46: nd | H46: nd | I46: nd | J46: nd | K46: nd | L46: nd | M46: nd | N46: nd | O46: nd | P46: nd | Q46: nd | R46: nd | S46: nd | T46: nd | U46: nd | V46: 43.925136 | W46: 53.524362 | X46: 53.775927 | Y46: 54.241359 | Z46: 53.965578 | AA46: 63.179436 | AB46: 65.723018 | AC46: 66.50949 | AD46: 66.554393 | AE46: 78.679164 | AF46: 81.284654 | AG46: 81.285649 | AH46: 80.845219 | AI46: 132.51405 | AJ46: 93.277696 | AK46: 94.322444 | AL46: 61.106194
A47: пенсионное страхование | B47: тыс руб. | C47: 331.302 | D47: 358.11088 | E47: 368.87599 | F47: 384.20347 | G47: 487.71999 | H47: 250.2423 | I47: 280.48078 | J47: 224.39589 | K47: 410.95281 | L47: 328.44076 | M47: 487.82312 | N47: 331.34637 | O47: 232.4127 | P47: 264.82294 | Q47: 267.37411 | R47: 337.97526 | S47: 261.81827 | T47: 250.98931 | U47: 319.37791 | V47: 276.5729 | W47: 205.59328 | X47: 189.5254 | Y47: 178.80225 | Z47: 186.66328 | AA47: 155.30815 | AB47: 310.71802 | AC47: 257.90747 | AD47: 229.34251 | AE47: 190.91687 | AF47: 300.98723 | AG47: 241.51068 | AH47: 202.46277 | AI47: 186.5166 | AJ47: 183.28849 | AK47: 412.70639 | AL47: 550.3042
A48: добровольное страхование от несчастных случаев и болезней | B48: тыс руб. | C48: 2.1746364 | D48: 2.149172 | E48: 2.1709407 | F48: 2.0345476 | G48: 2.7523691 | H48: 2.7176091 | I48: 2.6471759 | J48: 2.9413604 | K48: 3.6397739 | L48: 3.3675939 | M48: 3.4203028 | N48: 3.3968887 | O48: 5.2144054 | P48: 5.2245055 | Q48: 5.1419036 | R48: 5.0720992 | S48: 6.3250472 | T48: 5.5999552 | U48: 4.0007463 | V48: 4.0489995 | W48: 3.8621745 | X48: 3.1675702 | Y48: 3.4266961 | Z48: 3.467996 | AA48: 4.5184002 | AB48: 3.4150331 | AC48: 2.5419611 | AD48: 2.2908326 | AE48: 2.9080219 | AF48: 2.5287044 | AG48: 2.3211709 | AH48: 2.135289 | AI48: 2.6839681 | AJ48: 1.9810474 | AK48: 2.2303058 | AL48: 1.515312
A49: добровольное медицинское страхование | B49: тыс руб. | C49: 30.896613 | D49: 14.580139 | E49: 13.150179 | F49: 12.628202 | G49: 31.081271 | H49: 14.606957 | I49: 13.059853 | J49: 12.32705 | K49: 24.32092 | L49: 12.283369 | M49: 10.762725 | N49: 10.605639 | O49: 26.640814 | P49: 18.707494 | Q49: 17.864793 | R49: 16.492514 | S49: 40.046114 | T49: 18.635873 | U49: 16.509164 | V49: 15.841815 | W49: 33.475081 | X49: 19.660732 | Y49: 17.482101 | Z49: 16.419888 | AA49: 32.403194 | AB49: 16.977182 | AC49: 17.219548 | AD49: 18.289793 | AE49: 22.53344 | AF49: 19.322058 | AG49: 19.968214 | AH49: 21.251488 | AI49: 26.533929 | AJ49: 19.978101 | AK49: 20.788627 | AL49: 22.034
A50: добровольное страхование средств наземного транспорта (кроме средств железнодорожного транспорта) | B50: тыс руб. | C50: 47.5445 | D50: 44.396328 | E50: 42.537215 | F50: 41.318158 | G50: 39.605757 | H50: 36.841901 | I50: 35.431315 | J50: 35.654503 | K50: 37.78685 | L50: 35.103824 | M50: 35.597201 | N50: 34.565066 | O50: 36.807618 | P50: 31.007126 | Q50: 29.354409 | R50: 33.448093 | S50: 38.458539 | T50: 36.653777 | U50: 36.076659 | V50: 38.156744 | W50: 41.507782 | X50: 40.969024 | Y50: 39.675812 | Z50: 36.836791 | AA50: 32.782453 | AB50: 31.717232 | AC50: 31.335772 | AD50: 30.432882 | AE50: 30.957077 | AF50: 30.186725 | AG50: 31.487257 | AH50: 30.548695 | AI50: 33.158905 | AJ50: 32.708849 | AK50: 32.38527 | AL50: 31.697284
A51: добровольное страхование имущества юридических лиц (кроме транспортных средств, грузов и сельскохозяйственного страхования) | B51: тыс руб. | C51: 296.49567 | D51: 265.99452 | E51: 268.4056 | F51: 226.61934 | G51: 348.26045 | H51: 235.61785 | I51: 215.92214 | J51: 121.31397 | K51: 303.95358 | L51: 286.52754 | M51: 270.9182 | N51: 234.50629 | O51: 500.03872 | P51: 388.00976 | Q51: 342.81267 | R51: 276.22618 | S51: 336.0595 | T51: 271.88528 | U51: 264.44087 | V51: 219.31954 | W51: 268.16591 | X51: 179.93832 | Y51: 154.71002 | Z51: 142.28572 | AA51: 162.28941 | AB51: 143.54541 | AC51: 137.91996 | AD51: 127.78607 | AE51: 156.77216 | AF51: 143.63073 | AG51: 104.69942 | AH51: 97.287644 | AI51: 110.54642 | AJ51: 107.37801 | AK51: 100.0098 | AL51: 94.527743
A52: добровольное страхование имущества граждан (кроме транспортных средств, грузов и сельскохозяйственного страхования) | B52: тыс руб. | C52: 1.6054212 | D52: 1.5723749 | E52: 1.557815 | F52: 1.498983 | G52: 1.4731778 | H52: 1.4229029 | I52: 1.3822713 | J52: 1.4193527 | K52: 1.3089827 | L52: 1.3600633 | M52: 1.4308161 | N52: 1.4736678 | O52: 1.6739115 | P52: 1.6144181 | Q52: 1.6211688 | R52: 1.6578108 | S52: 1.777919 | T52: 1.7423573 | U52: 1.3724658 | V52: 1.47786 | W52: 1.8246579 | X52: 1.7244739 | Y52: 1.7254292 | Z52: 1.6527565 | AA52: 2.6125911 | AB52: 2.2275117 | AC52: 1.9523569 | AD52: 1.9079418 | AE52: 2.1571114 | AF52: 2.1824933 | AG52: 2.0432384 | AH52: 2.0182566 | AI52: 3.0330688 | AJ52: 2.3818144 | AK52: 2.4209261 | AL52: 1.4550063
A53: обязательное страхование гражданской ответственности владельцев транспортных средств | B53: тыс руб. | C53: 6.0070006 | D53: 5.4569421 | E53: 5.8485697 | F53: 5.8189862 | G53: 5.8041505 | H53: 5.6509104 | I53: 5.6772201 | J53: 5.6911894 | K53: 5.5762693 | L53: 5.3647917 | M53: 5.3956531 | N53: 5.4155204 | O53: 5.5884088 | P53: 5.4406919 | Q53: 5.4693047 | R53: 5.5477548 | S53: 5.7505526 | T53: 5.5514229 | U53: 5.5763278 | V53: 5.6494657 | W53: 6.1166218 | X53: 6.2357684 | Y53: 6.4772284 | Z53: 6.805257 | AA53: 8.1056658 | AB53: 7.7638606 | AC53: 7.7470708 | AD53: 7.8521472 | AE53: 8.2788138 | AF53: 7.7414051 | AG53: 7.6139727 | AH53: 7.4582804 | AI53: 7.3522588 | AJ53: 7.0023294 | AK53: 6.4588511 | AL53: 6.0673912
A54: прочие виды | B54: тыс руб. | C54: 5.8096762 | D54: 5.4387994 | E54: 4.9520197 | F54: 3.9940507 | G54: 6.3547456 | H54: 4.6882887 | I54: 4.2537465 | J54: 4.4095641 | K54: 6.024842 | L54: 4.9539578 | M54: 4.4360068 | N54: 3.8824226 | O54: 6.428139 | P54: 6.3181647 | Q54: 5.2743456 | R54: 4.8630428 | S54: 6.6543355 | T54: 4.7981203 | U54: 3.2086466 | V54: 3.2680311 | W54: 4.8930773 | X54: 3.4455487 | Y54: 3.0190233 | Z54: 2.6898971 | AA54: 3.8835516 | AB54: 3.1249637 | AC54: 2.6073397 | AD54: 2.5704263 | AE54: 4.1201267 | AF54: 3.703731 | AG54: 3.3744049 | AH54: 3.2055558 | AI54: 5.0233623 | AJ54: 3.7258993 | AK54: 3.3837138 | AL54: 2.3736753
A55: Средняя страховая премия по договорам страхования, заключенным с физическими лицами | B55: тыс руб. | C55: 4.6757418 | D55: 4.4750099 | E55: 4.6271019 | F55: 4.4480214 | G55: 5.2732256 | H55: 5.0449047 | I55: 5.0126472 | J55: 5.2830642 | K55: 5.2624642 | L55: 4.0284741 | M55: 5.1257681 | N55: 5.1888796 | O55: 6.4276126 | P55: 6.2399733 | Q55: 6.2809323 | R55: 6.4621145 | S55: 7.1020475 | T55: 6.6230189 | U55: 5.3187362 | V55: 5.5518346 | W55: 5.7482498 | X55: 5.4842793 | Y55: 5.7232024 | Z55: 5.5888017 | AA55: 7.2706365 | AB55: 6.8246005 | AC55: 5.9031124 | AD55: 5.895239 | AE55: 7.9075581 | AF55: 7.8628866 | AG55: 9.4713157 | AH55: 10.804993 | AI55: 13.089795 | AJ55: 11.459075 | AK55: 11.101496 | AL55: 8.4114495
A56: Средняя страховая премия по договорам страхования, заключенным с индивидуальными предпринимателями и юридическими лицами | B56: тыс руб. | C56: 38.773101 | D56: 33.180191 | E56: 30.339578 | F56: 28.095742 | G56: 38.520404 | H56: 31.42597 | I56: 27.093553 | J56: 24.558935 | K56: 37.385596 | L56: 26.767875 | M56: 25.633705 | N56: 23.157225 | O56: 41.406807 | P56: 34.98198 | Q56: 30.871786 | R56: 25.468852 | S56: 38.656703 | T56: 26.707572 | U56: 23.132871 | V56: 20.998416 | W56: 30.002444 | X56: 22.37769 | Y56: 18.721162 | Z56: 17.647372 | AA56: 25.668153 | AB56: 17.362832 | AC56: 15.407434 | AD56: 15.503229 | AE56: 26.857321 | AF56: 24.188005 | AG56: 24.047072 | AH56: 23.899204 | AI56: 31.720838 | AJ56: 15.527636 | AK56: 26.89991 | AL56: 26.390159
A57: Страховые премии по договорам исходящего перестрахования, в том числе: | B57: млн руб. | C57: 29435.524 | D57: 60794.976 | E57: 87826.247 | F57: 108897.23 | G57: 41909.28 | H57: 69269.43 | I57: 95292.234 | J57: 115492.06 | K57: 43559.018 | L57: 72125.93 | M57: 101273.7 | N57: 123992.14 | O57: 55483.04 | P57: 87538.383 | Q57: 123658.08 | R57: 148786.4 | S57: 51103.638 | T57: 85379.277 | U57: 122444.26 | V57: 162443.94 | W57: 48690.907 | X57: 72684.284 | Y57: 103993.43 | Z57: 140178.04 | AA57: 43191.687 | AB57: 81185.975 | AC57: 118454.08 | AD57: 168215.96 | AE57: 43603.36 | AF57: 87000.388 | AG57: 125152.13 | AH57: 163370.75 | AI57: 44641.444 | AJ57: 101574.59 | AK57: 156925.72 | AL57: 188614.46
A58: на территории Российской Федерации | B58: млн руб. | C58: 5948.829 | D58: 13189.931 | E58: 16843.466 | F58: 21900.757 | G58: 8182.3652 | H58: 16350.068 | I58: 21607.313 | J58: 27017.915 | K58: 9565.3195 | L58: 18649.832 | M58: 25814.992 | N58: 32362.871 | O58: 8251.5368 | P58: 21764.149 | Q58: 29701.612 | R58: 36734.275 | S58: 10411.199 | T58: 19761.103 | U58: 31047.321 | V58: 45780.825 | W58: 23989.924 | X58: 63644.46 | Y58: 113159.88 | Z58: 151411.37 | AA58: 41728.536 | AB58: 78120.541 | AC58: 115913.25 | AD58: 162878.89 | AE58: 42244.758 | AF58: 84941.247 | AG58: 122459.85 | AH58: 160761.55 | AI58: 43481.225 | AJ58: 99653.482 | AK58: 153998.83 | AL58: 184774.84
... A78: Страховые премии по договорам страхования, заключенным без участия посредников (по договорам страхования, заключенным путем обмена информацией в электронной форме)2 | B78: млн руб. | C78: 3949.029 | D78: 11126.524 | E78: 20464.952 | F78: 32021.026 | G78: 12812.441 | H78: 34064.699 | I78: 54764.622 | J78: 74651.243 | K78: 14787.233 | L78: 33352.81 | M78: 51050.296 | N78: 68070.306 | O78: 13306.043 | P78: 31963.94 | Q78: 52964.257 | R78: 72109.516 | S78: 19527.359 | T78: 52398.298 | U78: 79373.112 | V78: 68523.016 | W78: 18902.712 | X78: 42331.586 | Y78: 69598.797 | Z78: 98783.352 | AA78: 38413.217 | AB78: 89000.652 | AC78: 132543.89 | AD78: 180552.96 | AE78: 31817.936 | AF78: 67449.416 | AG78: 106133.17 | AH78: 139929.03 | AI78: 25567.027 | AJ78: 55689.161 | AK78: 106654.39 | AL78: 156651.43
A79: Страховые премии по договорам страхования, заключенным при участии посредников (по договорам страхования, заключенным путем обмена информацией в электронной форме)2 | B79: млн руб. | V79: 128936.08 | W79: 26820.018 | X79: 57675.374 | Y79: 108307.49 | Z79: 162813.99 | AA79: 48325.822 | AB79: 87681.912 | AC79: 139813.88 | AD79: 245475.45 | AE79: 75974.366 | AF79: 158947.75 | AG79: 320215.1 | AH79: 449356.82 | AI79: 105411.55 | AJ79: 244201.65 | AK79: 416996.67 | AL79: 635230.87
A80: заключенным при участии посредников ̶ кредитных организаций | B80: млн руб. | C80: nd | D80: nd | E80: nd | F80: nd | G80: nd | H80: nd | I80: nd | J80: nd | K80: nd | L80: nd | M80: nd | N80: nd | O80: nd | P80: nd | Q80: nd | R80: nd | S80: nd | T80: nd | U80: nd | V80: 80454.723 | W80: 13991.691 | X80: 28192.841 | Y80: 51467.169 | Z80: 83433.07 | AA80: 18256.715 | AB80: 36748.267 | AC80: 61571.286 | AD80: 135462.81 | AE80: 46351.805 | AF80: 92821.534 | AG80: 215842.85 | AH80: 303359.31 | AI80: 56134.134 | AJ80: 137142.13 | AK80: 258338.83 | AL80: 414337.36
A81: заключенным при участии посредников ̶ физических лиц (в том числе индивидуальных предпринимателей) | B81: млн руб. | C81: nd | D81: nd | E81: nd | F81: nd | G81: nd | H81: nd | I81: nd | J81: nd | K81: nd | L81: nd | M81: nd | N81: nd | O81: nd | P81: nd | Q81: nd | R81: nd | S81: nd | T81: nd | U81: nd | V81: 29009.286 | W81: 7153.7558 | X81: 17485.512 | Y81: 29159.323 | Z81: 42719.973 | AA81: 12666.936 | AB81: 27485.499 | AC81: 42871.709 | AD81: 59435.76 | AE81: 14345.337 | AF81: 28376.97 | AG81: 46623.321 | AH81: 67297.13 | AI81: 25149.531 | AJ81: 53957.76 | AK81: 73004.541 | AL81: 97630.016
A82: заключенным при участии посредников ̶ юридических лиц, основным видом экономической деятельности которых является деятельность страховых агентов | B82: млн руб. | C82: nd | D82: nd | E82: nd | F82: nd | G82: nd | H82: nd | I82: nd | J82: nd | K82: nd | L82: nd | M82: nd | N82: nd | O82: nd | P82: nd | Q82: nd | R82: nd | S82: nd | T82: nd | U82: nd | V82: 3445.5057 | W82: 752.34695 | X82: 1868.096 | Y82: 3108.0347 | Z82: 4549.8953 | AA82: 1447.4312 | AB82: 2957.3328 | AC82: 4999.3263 | AD82: 7245.5403 | AE82: 2210.5537 | AF82: 4444.9509 | AG82: 7861.2542 | AH82: 11574.046 | AI82: 4943.5315 | AJ82: 10514.673 | AK82: 15288.668 | AL82: 20086.06
A83: заключенным при участии посредников ̶ организаций, осуществляющих деятельность по торговле транспортными средствами | B83: млн руб. | C83: nd | D83: nd | E83: nd | F83: nd | G83: nd | H83: nd | I83: nd | J83: nd | K83: nd | L83: nd | M83: nd | N83: nd | O83: nd | P83: nd | Q83: nd | R83: nd | S83: nd | T83: nd | U83: nd | V83: 1785.0325 | W83: 782.848 | X83: 1650.8259 | Y83: 2575.2204 | Z83: 3639.8469 | AA83: 795.91116 | AB83: 2563.4025 | AC83: 3834.2292 | AD83: 5209.658 | AE83: 1432.8642 | AF83: 2871.4625 | AG83: 5083.2267 | AH83: 7170.4986 | AI83: 3893.7578 | AJ83: 8128.0216 | AK83: 13347.193 | AL83: 17499.584
A84: заключенным при участии посредников ̶ страховых брокеров | B84: млн руб. | C84: nd | D84: nd | E84: nd | F84: nd | G84: nd | H84: nd | I84: nd | J84: nd | K84: nd | L84: nd | M84: nd | N84: nd | O84: nd | P84: nd | Q84: nd | R84: nd | S84: nd | T84: nd | U84: nd | V84: 824.48725 | W84: 141.98326 | X84: 459.78441 | Y84: 819.46295 | Z84: 1209.3379 | AA84: 269.19746 | AB84: 503.41308 | AC84: 767.95073 | AD84: 1139.8842 | AE84: 265.68985 | AF84: 534.20112 | AG84: 981.10635 | AH84: 1558.3938 | AI84: 1217.7234 | AJ84: 2544.3389 | AK84: 4364.9003 | AL84: 6285.3265
A85: заключенным при участии посредников ̶ прочих посредников (включая других юридических лиц) | B85: млн руб. | C85: nd | D85: nd | E85: nd | F85: nd | G85: nd | H85: nd | I85: nd | J85: nd | K85: nd | L85: nd | M85: nd | N85: nd | O85: nd | P85: nd | Q85: nd | R85: nd | S85: nd | T85: nd | U85: nd | V85: 13417.042 | W85: 3997.3934 | X85: 8018.3154 | Y85: 21178.278 | Z85: 27261.87 | AA85: 14889.631 | AB85: 17423.999 | AC85: 25769.377 | AD85: 36981.8 | AE85: 11368.116 | AF85: 29898.633 | AG85: 43823.334 | AH85: 58397.438 | AI85: 14072.876 | AJ85: 31914.72 | AK85: 52652.545 | AL85: 79392.53
A86: Вознаграждения посредникам (по договорам страхования, заключенным путем обмена информацией в электронной форме), в том числе: | B86: млн руб. | C86: nd | D86: nd | E86: nd | F86: nd | G86: nd | H86: nd | I86: nd | J86: nd | K86: nd | L86: nd | M86: nd | N86: nd | O86: nd | P86: nd | Q86: nd | R86: nd | S86: nd | T86: nd | U86: nd | V86: 8524.3718 | W86: 1936.9554 | X86: 4469.8055 | Y86: 8048.834 | Z86: 11488.589 | AA86: 4886.5447 | AB86: 7258.7238 | AC86: 11700.522 | AD86: 44301.734 | AE86: 6548.7014 | AF86: 12793.967 | AG86: 43210.916 | AH86: 55820.258 | AI86: 10884.544 | AJ86: 24053.556 | AK86: 39782.305 | AL86: 54672.461
A87: вознаграждения посредникам ̶ кредитным организациям, в том числе: | B87: млн руб. | C87: nd | D87: nd | E87: nd | F87: nd | G87: nd | H87: nd | I87: nd | J87: nd | K87: nd | L87: nd | M87: nd | N87: nd | O87: nd | P87: nd | Q87: nd | R87: nd | S87: nd | T87: nd | U87: nd | V87: 1598.3424 | W87: 274.7756 | X87: 725.32331 | Y87: 1314.5524 | Z87: 1871.9947 | AA87: 956.49213 | AB87: 956.75673 | AC87: 1816.9106 | AD87: 30139.073 | AE87: 3037.4547 | AF87: 5546.9026 | AG87: 30465.638 | AH87: 36969.97 | AI87: 2591.0943 | AJ87: 6077.5656 | AK87: 9970.6753 | AL87: 14662.842
A88: вознаграждения посредникам ̶ физическим лицам (в том числе индивидуальных предпринимателей) | B88: млн руб. | C88: nd | D88: nd | E88: nd | F88: nd | G88: nd | H88: nd | I88: nd | J88: nd | K88: nd | L88: nd | M88: nd | N88: nd | O88: nd | P88: nd | Q88: nd | R88: nd | S88: nd | T88: nd | U88: nd | V88: 3136.9289 | W88: 767.68796 | X88: 1876.9922 | Y88: 3098.8906 | Z88: 4517.4398 | AA88: 1275.9961 | AB88: 2902.1312 | AC88: 4709.683 | AD88: 6714.303 | AE88: 1598.1511 | AF88: 3026.9658 | AG88: 5271.0826 | AH88: 7973.8265 | AI88: 3423.3029 | AJ88: 7386.3702 | AK88: 10968.546 | AL88: 14709.237
A89: вознаграждения посредникам ̶ юридических лиц, основным видом экономической деятельности которых является деятельность страховых агентов | B89: млн руб. | C89: nd | D89: nd | E89: nd | F89: nd | G89: nd | H89: nd | I89: nd | J89: nd | K89: nd | L89: nd | M89: nd | N89: nd | O89: nd | P89: nd | Q89: nd | R89: nd | S89: nd | T89: nd | U89: nd | V89: 652.72055 | W89: 116.49516 | X89: 295.55754 | Y89: 493.4597 | Z89: 713.1085 | AA89: 207.83593 | AB89: 457.33653 | AC89: 788.08104 | AD89: 1171.6032 | AE89: 348.83059 | AF89: 679.32525 | AG89: 1288.4692 | AH89: 2033.0044 | AI89: 990.20905 | AJ89: 2312.4534 | AK89: 3387.0728 | AL89: 4536.711
A90: вознаграждения посредникам ̶ организациям, осуществляющих деятельность по торговле транспортными средствами | B90: млн руб. | C90: nd | D90: nd | E90: nd | F90: nd | G90: nd | H90: nd | I90: nd | J90: nd | K90: nd | L90: nd | M90: nd | N90: nd | O90: nd | P90: nd | Q90: nd | R90: nd | S90: nd | T90: nd | U90: nd | V90: 0 | W90: 0 | X90: 0 | Y90: 486.62186 | Z90: 664.50356 | AA90: 178.15918 | AB90: 376.77004 | AC90: 609.95345 | AD90: 913.08094 | AE90: 256.37753 | AF90: 568.11256 | AG90: 1326.6302 | AH90: 2031.5974 | AI90: 901.21516 | AJ90: 1899.0845 | AK90: 3127.93 | AL90: 4161.8231
A91: вознаграждени посредникам ̶ страховым брокерам | B91: млн руб. | C91: nd | D91: nd | E91: nd | F91: nd | G91: nd | H91: nd | I91: nd | J91: nd | K91: nd | L91: nd | M91: nd | N91: nd | O91: nd | P91: nd | Q91: nd | R91: nd | S91: nd | T91: nd | U91: nd | V91: 98.742977 | W91: 9.7862775 | X91: 29.513302 | Y91: 53.475634 | Z91: 90.881838 | AA91: 23.212887 | AB91: 42.903073 | AC91: 66.487917 | AD91: 102.75869 | AE91: 30.062006 | AF91: 48.831164 | AG91: 118.42315 | AH91: 205.22508 | AI91: 651.83503 | AJ91: 1192.411 | AK91: 1728.4014 | AL91: 2318.7163
A92: вознаграждения посредникам ̶ прочим посредникам (включая других юридических лиц) | B92: млн руб. | C92: nd | D92: nd | E92: nd | F92: nd | G92: nd | H92: nd | I92: nd | J92: nd | K92: nd | L92: nd | M92: nd | N92: nd | O92: nd | P92: nd | Q92: nd | R92: nd | S92: nd | T92: nd | U92: nd | V92: 3037.6369 | W92: 768.21044 | X92: 1542.4192 | Y92: 2601.8339 | Z92: 3630.6606 | AA92: 2244.8485 | AB92: 2522.8262 | AC92: 3709.4059 | AD92: 5260.915 | AE92: 1277.8254 | AF92: 2923.8297 | AG92: 4740.6729 | AH92: 6606.6355 | AI92: 2326.8877 | AJ92: 5185.6717 | AK92: 10599.68 | AL92: 14283.132
A93: Выплаты по договорам страхования3, в том числе по видам страхования: | B93: млн руб. | C93: 123507.06 | D93: 274312.36 | E93: 395526.97 | F93: 509722.13 | G93: 109098.9 | H93: 235780.98 | I93: 368975.11 | J93: 522468.01 | K93: 139216.12 | L93: 285593.96 | M93: 433540.58 | N93: 610865.42 | O93: 159475.74 | P93: 296702.55 | Q93: 464690.57 | R93: 658485.52 | S93: 185252.35 | T93: 384490.15 | U93: 587498.8 | V93: 796973.85 | W93: 201348.37 | X93: 422681.47 | Y93: 646892.9 | Z93: 893218.78 | AA93: 245352.89 | AB93: 494585.62 | AC93: 758868.09 | AD93: 1044382.9 | AE93: 272023.74 | AF93: 583714.74 | AG93: 1025707.3 | AH93: 2148809.9 | AI93: 602507.94 | AJ93: 1158910.5 | AK93: 1767711.4 | AL93: 2548719.4
A94: добровольное страхование жизни, в том числе: | B94: млн руб. | C94: 7788.904 | D94: 17125.596 | E94: 26196.733 | F94: 36486.836 | G94: 10676.08 | H94: 25636.139 | I94: 44599.849 | J94: 67070.482 | K94: 24077.121 | L94: 51457.96 | M94: 88399.03 | N94: 133402.66 | O94: 43010.19 | P94: 85700.706 | Q94: 143531.05 | R94: 204495.69 | S94: 70121.823 | T94: 137794.06 | U94: 210913.26 | V94: 288328.6 | W94: 74991.216 | X94: 161018.57 | Y94: 253178.55 | Z94: 352200.51 | AA94: 115845.93 | AB94: 225139.79 | AC94: 342018.98 | AD94: 469130.99 | AE94: 113878.2 | AF94: 251303.86 | AG94: 499941.31 | AH94: 1412059 | AI94: 403153.04 | AJ94: 739684.12 | AK94: 1130723.2 | AL94: 1662755.3
A95: инвестиционное страхование жизни | B95: млн руб. | C95: nd | D95: nd | E95: nd | F95: nd | G95: nd | H95: nd | I95: nd | J95: nd | K95: nd | L95: 34724.368 | M95: 62816.023 | N95: 94986.985 | O95: 34864.218 | P95: 67904.412 | Q95: 114611.23 | R95: 163518.52 | S95: 58197.924 | T95: 111736.74 | U95: 166257.34 | V95: 227920.06 | W95: 54330.524 | X95: 111331.18 | Y95: 172692 | Z95: 245167.66 | AA95: 71530.13 | AB95: 143749.32 | AC95: 216840.88 | AD95: 290218.59 | AE95: 61547.605 | AF95: 127934.46 | AG95: 224567.82 | AH95: 510032.97 | AI95: 101472.34 | AJ95: 269053.27 | AK95: 447381.48 | AL95: 631733.66
A96: кредитное страхование жизни | B96: млн руб. | C96: nd | D96: nd | E96: nd | F96: nd | G96: nd | H96: nd | I96: nd | J96: nd | K96: nd | L96: nd | M96: nd | N96: nd | O96: nd | P96: nd | Q96: nd | R96: nd | S96: nd | T96: nd | U96: nd | V96: 16261.593 | W96: 4342.7535 | X96: 9532.6569 | Y96: 14371.673 | Z96: 18682.808 | AA96: 4511.1528 | AB96: 9577.2419 | AC96: 14712.661 | AD96: 20139.225 | AE96: 5160.7309 | AF96: 10213.386 | AG96: 15888.133 | AH96: 21530.344 | AI96: 5439.8097 | AJ96: 11142.201 | AK96: 17540.67 | AL96: 24631.747
A97: накопительное страхование жизни | B97: млн руб. | C97: nd | D97: nd | E97: nd | F97: nd | G97: nd | H97: nd | I97: nd | J97: nd | K97: nd | L97: nd | M97: nd | N97: nd | O97: nd | P97: nd | Q97: nd | R97: nd | S97: nd | T97: nd | U97: nd | V97: 41057.106 | W97: 15534.563 | X97: 37666.921 | Y97: 61877.095 | Z97: 85276.192 | AA97: 39036.683 | AB97: 70407.251 | AC97: 108388.83 | AD97: 155946.18 | AE97: 46554.356 | AF97: 111979.44 | AG97: 257635.83 | AH97: 877717.11 | AI97: 295514.33 | AJ97: 458099.83 | AK97: 663541.6 | AL97: 994077.57
A98: рисковое страхование жизни | B98: млн руб. | C98: nd | D98: nd | E98: nd | F98: nd | G98: nd | H98: nd | I98: nd | J98: nd | K98: nd | L98: nd | M98: nd | N98: nd | O98: nd | P98: nd | Q98: nd | R98: nd | S98: nd | T98: nd | U98: nd | V98: 974.82254 | W98: 251.0239 | X98: 572.49006 | Y98: 776.05411 | Z98: 813.51225 | AA98: 186.01918 | AB98: 273.11252 | AC98: 392.18162 | AD98: 541.67125 | AE98: 102.11909 | AF98: 224.75417 | AG98: 335.08631 | AH98: 672.38452 | AI98: 145.10043 | AJ98: 327.29651 | AK98: 605.76871 | AL98: 452.81058
A99: прочее страхование жизни | B99: млн руб. | C99: nd | D99: nd | E99: nd | F99: nd | G99: nd | H99: nd | I99: nd | J99: nd | K99: nd | L99: nd | M99: nd | N99: nd | O99: nd | P99: nd | Q99: nd | R99: nd | S99: nd | T99: nd | U99: nd | V99: 654.4079 | W99: 170.99892 | X99: 304.86213 | Y99: 445.21228 | Z99: 597.76896 | AA99: 173.60229 | AB99: 335.13948 | AC99: 511.68025 | AD99: 685.29397 | AE99: 201.39636 | AF99: 387.37882 | AG99: 600.18074 | AH99: 816.51355 | AI99: 225.51759 | AJ99: 473.68106 | AK99: 732.56455 | AL99: 1533.4888
A100: пенсионное страхование | B100: млн руб. | C100: 375.399 | D100: 589.311 | E100: 837.312 | F100: 1078.343 | G100: 204.26991 | H100: 449.83894 | I100: 668.95996 | J100: 922.77258 | K100: 229.38151 | L100: 488.37072 | M100: 711.99137 | N100: 977.19649 | O100: 281.51191 | P100: 545.43337 | Q100: 861.31784 | R100: 1142.0129 | S100: 289.62718 | T100: 823.49827 | U100: 1145.0546 | V100: 1460.611 | W100: 361.352 | X100: 1610.4581 | Y100: 3016.5162 | Z100: 1662.5666 | AA100: 408.34488 | AB100: 797.71823 | AC100: 1172.7393 | AD100: 1600.0336 | AE100: 311.99461 | AF100: 564.4427 | AG100: 914.25524 | AH100: 1289.71 | AI100: 355.94638 | AJ100: 587.84605 | AK100: 885.11603 | AL100: 1232.2661
A101: добровольное страхование от несчастных случаев и болезней | B101: млн руб. | C101: 3128.986 | D101: 6797.033 | E101: 10481.043 | F101: 14367.296 | G101: 3530.3579 | H101: 7714.983 | I101: 11894.12 | J101: 16403.953 | K101: 4036.9305 | L101: 8672.3794 | M101: 12756.429 | N101: 17289.315 | O101: 4767.4318 | P101: 8496.9197 | Q101: 13509.991 | R101: 19228.29 | S101: 5281.3683 | T101: 11886.987 | U101: 19157.322 | V101: 26928.836 | W101: 7954.6225 | X101: 17023.95 | Y101: 25474.416 | Z101: 33092.666 | AA101: 7131.8395 | AB101: 15084.038 | AC101: 23302.565 | AD101: 31866.631 | AE101: 8371.4558 | AF101: 17003.93 | AG101: 26470.694 | AH101: 36260.645 | AI101: 8720.9112 | AJ101: 17604.634 | AK101: 26991.187 | AL101: 37031.358
A102: добровольное медицинское страхование | B102: млн руб. | C102: 22924.182 | D102: 50502.551 | E102: 76776.385 | F102: 105811.24 | G102: 23462.029 | H102: 52542.429 | I102: 81291.412 | J102: 111930.61 | K102: 27559.885 | L102: 58213.727 | M102: 91319.664 | N102: 126495.46 | O102: 30445.049 | P102: 54003.318 | Q102: 80960.981 | R102: 118206.69 | S102: 29669.455 | T102: 66865.154 | U102: 102293.16 | V102: 142205.35 | W102: 33214.178 | X102: 72579.452 | Y102: 112479.53 | Z102: 156051.34 | AA102: 35946.55 | AB102: 79798.978 | AC102: 122552.55 | AD102: 169137.16 | AE102: 39805.515 | AF102: 87725.219 | AG102: 137485.79 | AH102: 191886.12 | AI102: 50483.092 | AJ102: 108249.1 | AK102: 167848.93 | AL102: 233417.82
A103: добровольное страхование средств наземного транспорта (кроме средств железнодорожного транспорта) | B103: млн руб. | C103: 21076.427 | D103: 42641.159 | E103: 62789.363 | F103: 83343.915 | G103: 19237.235 | H103: 40405.298 | I103: 61304.417 | J103: 83254.171 | K103: 21396.54 | L103: 46021.113 | M103: 70610.798 | N103: 97207.977 | O103: 24778.844 | P103: 45012.284 | Q103: 70812.273 | R103: 97983.36 | S103: 24495.508 | T103: 52257.022 | U103: 80927.977 | V103: 109260.95 | W103: 28839.508 | X103: 61454.174 | Y103: 91024.682 | Z103: 121548.73 | AA103: 29378.766 | AB103: 62144.233 | AC103: 94477.067 | AD103: 129503.44 | AE103: 34049.165 | AF103: 72756.258 | AG103: 116455.57 | AH103: 165368.67 | AI103: 49476.767 | AJ103: 103816.15 | AK103: 160329.95 | AL103: 217486.61
A104: добровольное страхование имущества юридических лиц (кроме транспортных средств, грузов и сельскохозяйственного страхования) | B104: млн руб. | C104: 3051.512 | D104: 23379.339 | E104: 29157.291 | F104: 36598.289 | G104: 7321.5735 | H104: 19177.749 | I104: 31323.669 | J104: 49322.248 | K104: 7587.3116 | L104: 17543.01 | M104: 22171.431 | N104: 28891.027 | O104: 4315.166 | P104: 9493.7942 | Q104: 15025.91 | R104: 22292.812 | S104: 3903.36 | T104: 11982.896 | U104: 17390.07 | V104: 22002.962 | W104: 5093.5173 | X104: 9807.3165 | Y104: 19676.437 | Z104: 30679.097 | AA104: 5481.2317 | AB104: 10433.9 | AC104: 17644.223 | AD104: 30082.413 | AE104: 9459.0032 | AF104: 20366.971 | AG104: 44583.525 | AH104: 65009.674 | AI104: 13105.04 | AJ104: 28774.421 | AK104: 42337.205 | AL104: 65461.493
A105: добровольное страхование имущества граждан (кроме транспортных средств, грузов и сельскохозяйственного страхования) | B105: млн руб. | C105: 2122.921 | D105: 4271.284 | E105: 6150.713 | F105: 8233.497 | G105: 1782.7721 | H105: 4095.0956 | I105: 6442.37 | J105: 8964.4475 | K105: 2054.3459 | L105: 4132.0577 | M105: 6542.6862 | N105: 8840.209 | O105: 1914.7258 | P105: 4003.101 | Q105: 6413.5679 | R105: 8651.636 | S105: 2333.9802 | T105: 4801.4485 | U105: 6945.6737 | V105: 9084.8181 | W105: 2607.3126 | X105: 5363.7707 | Y105: 8026.1142 | Z105: 10363.958 | AA105: 1855.4728 | AB105: 5129.6758 | AC105: 7901.1154 | AD105: 10862.115 | AE105: 3162.5469 | AF105: 9021.9157 | AG105: 13824.657 | AH105: 17922.91 | AI105: 3579.8315 | AJ105: 7732.3086 | AK105: 11716.09 | AL105: 15606.983
A106: обязательное страхование гражданской ответственности владельцев транспортных средств | B106: млн руб. | C106: 52392.056 | D106: 103581.08 | E106: 146626.42 | F106: 175516.25 | G106: 32426.965 | H106: 66549.814 | I106: 101404.81 | J106: 137901.72 | K106: 36090.664 | L106: 71340.799 | M106: 103142.94 | N106: 142379.15 | O106: 37386.622 | P106: 67998.826 | Q106: 102094 | R106: 137371.4 | S106: 37182.981 | T106: 74549.237 | U106: 111273.43 | V106: 143555.73 | W106: 40538.848 | X106: 80584.621 | Y106: 116552.39 | Z106: 159834.13 | AA106: 40924.371 | AB106: 79795.195 | AC106: 121219.44 | AD106: 161592.2 | AE106: 52290.936 | AF106: 102139.38 | AG106: 147318.58 | AH106: 202101.4 | AI106: 51744.009 | AJ106: 108727.35 | AK106: 163057.16 | AL106: 221031.83
A107: прочие виды | B107: млн руб. | C107: 11022.073 | D107: 26014.319 | E107: 37349.023 | F107: 49364.804 | G107: 10661.888 | H107: 19659.475 | I107: 30714.464 | J107: 47620.372 | K107: 16413.325 | L107: 28212.913 | M107: 38597.595 | N107: 56359.628 | O107: 12857.716 | P107: 21993.603 | Q107: 32342.799 | R107: 50255.648 | S107: 12263.879 | T107: 24353.344 | U107: 38597.9 | V107: 55606.61 | W107: 8109.1689 | X107: 14849.614 | Y107: 20480.788 | Z107: 29448.343 | AA107: 8788.7283 | AB107: 17059.815 | AC107: 29752.165 | AD107: 42207.905 | AE107: 11006.916 | AF107: 23397.21 | AG107: 39627.165 | AH107: 58201.416 | AI107: 22245.249 | AJ107: 44322.455 | AK107: 64707.642 | AL107: 95928.041
A108: Выплаты по договорам страхования страхования, заключенным с физическими лицами4 | B108: млн руб. | C108: 73531.119 | D108: 147677.97 | E108: 204897.22 | F108: 255880 | G108: 53218.197 | H108: 113639.33 | I108: 177515.46 | J108: 248786.89 | K108: 70093.371 | L108: 152048.8 | M108: 222373.98 | N108: 314897.47 | O108: 86499.865 | P108: 163165.52 | Q108: 258443.09 | R108: 356634.56 | S108: 103382.9 | T108: 207024.91 | U108: 314571.79 | V108: 499353.1 | W108: 132916.19 | X108: 277083.47 | Y108: 423844.65 | Z108: 586719.5 | AA108: 172916.83 | AB108: 340695.88 | AC108: 518845.99 | AD108: 707294.58 | AE108: 185389.99 | AF108: 396145.04 | AG108: 719058.39 | AH108: 1715253.9 | AI108: 482905.82 | AJ108: 908558.38 | AK108: 1389974.4 | AL108: 2017023.9
A109: Выплаты по договорам страхования, заключенным с индивидуальными предпринимателями и юридическими лицами4 | B109: млн руб. | C109: 47032.118 | D109: 120544.34 | E109: 180896.16 | F109: 240455.55 | G109: 52454.062 | H109: 114682.99 | I109: 179570.67 | J109: 257356.79 | K109: 64860.858 | L109: 132892.26 | M109: 193556.44 | N109: 268986.75 | O109: 63222.701 | P109: 116309.36 | Q109: 176041.58 | R109: 255671.99 | S109: 63494.535 | T109: 140657.71 | U109: 215820.22 | V109: 297620.75 | W109: 68432.184 | X109: 145598 | Y109: 223048.25 | Z109: 306499.28 | AA109: 72436.061 | AB109: 153889.74 | AC109: 240022.11 | AD109: 337088.27 | AE109: 86633.749 | AF109: 187569.7 | AG109: 306648.9 | AH109: 433556.01 | AI109: 119602.12 | AJ109: 250352.16 | AK109: 377737.03 | AL109: 531695.53
A110: Количество выплат4, в том числе по видам страхования: | B110: ед. | C110: 4326005 | D110: 9375840 | E110: 13904058 | F110: 19178665 | G110: 4270150 | H110: 9374638 | I110: 15151034 | J110: 38894822 | K110: 9254584 | L110: 20153031 | M110: 30837255 | N110: 44144132 | O110: 10949813 | P110: 20239505 | Q110: 32485011 | R110: 47980096 | S110: 10435606 | T110: 24825388 | U110: 38361289 | V110: 53065846 | W110: 11763469 | X110: 25770300 | Y110: 38983997 | Z110: 54027027 | AA110: 11088017 | AB110: 25530659 | AC110: 38095880 | AD110: 51993932 | AE110: 11847587 | AF110: 25795702 | AG110: 38814314 | AH110: 55797925 | AI110: 15866009 | AJ110: 32947295 | AK110: 48709047 | AL110: 66651781
A111: добровольное страхование жизни4, в том числе: | B111: ед. | C111: 224170 | D111: 424862 | E111: 497049 | F111: 654304 | G111: 192968 | H111: 370246 | I111: 551205 | J111: 765007 | K111: 188601 | L111: 370484 | M111: 585845 | N111: 847936 | O111: 244696 | P111: 519547 | Q111: 819482 | R111: 1112356 | S111: 321602 | T111: 633281 | U111: 969791 | V111: 1865884 | W111: 454423 | X111: 903353 | Y111: 1311592 | Z111: 1754912 | AA111: 428754 | AB111: 1305307 | AC111: 1310774 | AD111: 1827921 | AE111: 474001 | AF111: 955769 | AG111: 1634984 | AH111: 3298677 | AI111: 624416 | AJ111: 1177433 | AK111: 1824697 | AL111: 2506373
A112: инвестиционное страхование жизни | B112: ед. | C112: nd | D112: nd | E112: nd | F112: nd | G112: nd | H112: nd | I112: nd | J112: nd | K112: nd | L112: nd | M112: nd | N112: nd | O112: nd | P112: nd | Q112: nd | R112: nd | S112: nd | T112: nd | U112: nd | V112: 847928 | W112: 201345 | X112: 366807 | Y112: 532071 | Z112: 729800 | AA112: 173195 | AB112: 687362 | AC112: 488683 | AD112: 670521 | AE112: 171204 | AF112: 341383 | AG112: 639341 | AH112: 1668309 | AI112: 243386 | AJ112: 435601 | AK112: 673844 | AL112: 866228
A113: кредитное страхование жизни | B113: ед. | C113: nd | D113: nd | E113: nd | F113: nd | G113: nd | H113: nd | I113: nd | J113: nd | K113: nd | L113: nd | M113: nd | N113: nd | O113: nd | P113: nd | Q113: nd | R113: nd | S113: nd | T113: nd | U113: nd | V113: 209418 | W113: 45652 | X113: 107869 | Y113: 132238 | Z113: 174113 | AA113: 18690 | AB113: 77198 | AC113: 118489 | AD113: 164831 | AE113: 41324 | AF113: 78961 | AG113: 114236 | AH113: 150333 | AI113: 31318 | AJ113: 63045 | AK113: 97894 | AL113: 133090
A114: накопительное страхование жизни | B114: ед. | C114: nd | D114: nd | E114: nd | F114: nd | G114: nd | H114: nd | I114: nd | J114: nd | K114: nd | L114: nd | M114: nd | N114: nd | O114: nd | P114: nd | Q114: nd | R114: nd | S114: nd | T114: nd | U114: nd | V114: 251953 | W114: 70576 | X114: 158582 | Y114: 247976 | Z114: 322186 | AA114: 89259 | AB114: 252916 | AC114: 283113 | AD114: 413429 | AE114: 117045 | AF114: 252650 | AG114: 458543 | AH114: 898384 | AI114: 202291 | AJ114: 394304 | AK114: 633609 | AL114: 931039
A115: рисковое страхование жизни | B115: ед. | C115: nd | D115: nd | E115: nd | F115: nd | G115: nd | H115: nd | I115: nd | J115: nd | K115: nd | L115: nd | M115: nd | N115: nd | O115: nd | P115: nd | Q115: nd | R115: nd | S115: nd | T115: nd | U115: nd | V115: 7310 | W115: 2326 | X115: 4151 | Y115: 5996 | Z115: 8446 | AA115: 2278 | AB115: 3960 | AC115: 5374 | AD115: 7295 | AE115: 1645 | AF115: 2962 | AG115: 4246 | AH115: 5726 | AI115: 1191 | AJ115: 2419 | AK115: 3960 | AL115: 4750
A116: прочее страхование жизни | B116: ед. | C116: nd | D116: nd | E116: nd | F116: nd | G116: nd | H116: nd | I116: nd | J116: nd | K116: nd | L116: nd | M116: nd | N116: nd | O116: nd | P116: nd | Q116: nd | R116: nd | S116: nd | T116: nd | U116: nd | V116: 11331 | W116: 2732 | X116: 5144 | Y116: 7462 | Z116: 9952 | AA116: 2484 | AB116: 4917 | AC116: 7433 | AD116: 10048 | AE116: 2806 | AF116: 5571 | AG116: 8369 | AH116: 11285 | AI116: 3106 | AJ116: 6272 | AK116: 9459 | AL116: 16064
A117: пенсионное страхование4 | B117: ед. | C117: 122023 | D117: 239785 | E117: 357717 | F117: 477163 | G117: 118371 | H117: 237505 | I117: 352648 | J117: 478053 | K117: 118349 | L117: 235250 | M117: 347935 | N117: 481855 | O117: 128409 | P117: 249385 | Q117: 389932 | R117: 512436 | S117: 134312 | T117: 261896 | U117: 389733 | V117: 537944 | W117: 131792 | X117: 260800 | Y117: 385849 | Z117: 510415 | AA117: 142848 | AB117: 278954 | AC117: 407682 | AD117: 561797 | AE117: 139977 | AF117: 274242 | AG117: 410249 | AH117: 564640 | AI117: 143124 | AJ117: 275792 | AK117: 404662 | AL117: 548296
A118: добровольное страхование от несчастных случаев и болезней | B118: ед. | C118: 76694 | D118: 169790 | E118: 274991 | F118: 385891 | G118: 98502 | H118: 301914 | I118: 330481 | J118: 452048 | K118: 89120 | L118: 182018 | M118: 250379 | N118: 335214 | O118: 86297 | P118: 147446 | Q118: 219037 | R118: 301180 | S118: 80528 | T118: 161722 | U118: 248611 | V118: 344284 | W118: 86665 | X118: 179086 | Y118: 277127 | Z118: 380461 | AA118: 86664 | AB118: 176913 | AC118: 271296 | AD118: 372927 | AE118: 88490 | AF118: 182063 | AG118: 282546 | AH118: 392890 | AI118: 102282 | AJ118: 201987 | AK118: 301981 | AL118: 411499
A119: добровольное медицинское страхование | B119: ед. | C119: 2846353 | D119: 6441098 | E119: 9732552 | F119: 13739975 | G119: 3094231 | H119: 6871101 | I119: 11516334 | J119: 33934278 | K119: 8089238 | L119: 17605419 | M119: 27321780 | N119: 39245088 | O119: 9684027 | P119: 17878793 | Q119: 28891358 | R119: 43091647 | S119: 9137022 | T119: 22090095 | U119: 34247811 | V119: 47084420 | W119: 10268377 | X119: 22761827 | Y119: 34507548 | Z119: 48063573 | AA119: 9729300 | AB119: 22308962 | AC119: 33911860 | AD119: 46332690 | AE119: 10256640 | AF119: 22713986 | AG119: 34144298 | AH119: 48246700 | AI119: 14205719 | AJ119: 29605865 | AK119: 43584183 | AL119: 59669726
...
